Transaction Date,Balance,OriginalOrder
2017-03-20,25000.0,0.0
2017-03-21,24500.0,1.0
2017-03-22,24500.0,1.0
2017-03-23,98400.0,3.0
2017-03-24,98400.0,3.0
2017-03-25,98440.0,4.0
2017-03-26,98440.0,4.0
2017-03-27,98440.0,4.0
2017-03-28,98440.0,4.0
2017-03-29,98440.0,4.0
2017-03-30,98440.0,4.0
2017-03-31,98440.0,4.0
2017-04-01,97418.0,5.0
2017-04-02,97418.0,5.0
2017-04-03,98978.0,6.0
2017-04-04,98978.0,6.0
2017-04-05,98978.0,6.0
2017-04-06,98978.0,6.0
2017-04-07,98978.0,6.0
2017-04-08,98978.0,6.0
2017-04-09,98978.0,6.0
2017-04-10,98978.0,6.0
2017-04-11,98978.0,6.0
2017-04-12,98978.0,6.0
2017-04-13,98978.0,6.0
2017-04-14,98978.0,6.0
2017-04-15,98978.0,6.0
2017-04-16,98978.0,6.0
2017-04-17,98978.0,6.0
2017-04-18,98978.0,6.0
2017-04-19,98978.0,6.0
2017-04-20,98978.0,6.0
2017-04-21,98978.0,6.0
2017-04-22,98978.0,6.0
2017-04-23,98978.0,6.0
2017-04-24,98978.0,6.0
2017-04-25,98978.0,6.0
2017-04-26,98978.0,6.0
2017-04-27,98978.0,6.0
2017-04-28,98978.0,6.0
2017-04-29,98978.0,6.0
2017-04-30,98978.0,6.0
2017-05-01,95920.0,7.0
2017-05-02,95920.0,7.0
2017-05-03,95920.0,7.0
2017-05-04,95920.0,7.0
2017-05-05,95920.0,7.0
2017-05-06,95920.0,7.0
2017-05-07,95920.0,7.0
2017-05-08,95920.0,7.0
2017-05-09,95920.0,7.0
2017-05-10,95920.0,7.0
2017-05-11,95890.0,8.0
2017-05-12,95890.0,8.0
2017-05-13,95890.0,8.0
2017-05-14,95890.0,8.0
2017-05-15,95890.0,8.0
2017-05-16,95890.0,8.0
2017-05-17,95890.0,8.0
2017-05-18,95890.0,8.0
2017-05-19,95890.0,8.0
2017-05-20,95803.75,11.0
2017-05-21,95803.75,11.0
2017-05-22,95803.75,11.0
2017-05-23,95803.75,11.0
2017-05-24,95803.75,11.0
2017-05-25,95803.75,11.0
2017-05-26,95803.75,11.0
2017-05-27,95803.75,11.0
2017-05-28,95803.75,11.0
2017-05-29,95803.75,11.0
2017-05-30,95803.75,11.0
2017-05-31,95803.75,11.0
2017-06-01,92643.75,12.0
2017-06-02,92643.75,12.0
2017-06-03,92643.75,12.0
2017-06-04,92643.75,12.0
2017-06-05,92643.75,12.0
2017-06-06,92643.75,12.0
2017-06-07,92643.75,12.0
2017-06-08,92643.75,12.0
2017-06-09,92643.75,12.0
2017-06-10,92643.75,12.0
2017-06-11,92643.75,12.0
2017-06-12,92643.75,12.0
2017-06-13,92643.75,12.0
2017-06-14,92643.75,12.0
2017-06-15,92643.75,12.0
2017-06-16,92643.75,12.0
2017-06-17,92643.75,12.0
2017-06-18,92643.75,12.0
2017-06-19,92643.75,12.0
2017-06-20,92643.75,12.0
2017-06-21,92643.75,12.0
2017-06-22,92643.75,12.0
2017-06-23,92643.75,12.0
2017-06-24,92643.75,12.0
2017-06-25,93612.75,13.0
2017-06-26,93612.75,13.0
2017-06-27,93612.75,13.0
2017-06-28,93612.75,13.0
2017-06-29,93612.75,13.0
2017-06-30,93612.75,13.0
2017-07-01,93612.75,13.0
2017-07-02,93612.75,13.0
2017-07-03,93612.75,13.0
2017-07-04,93612.75,13.0
2017-07-05,93612.75,13.0
2017-07-06,93612.75,13.0
2017-07-07,93612.75,13.0
2017-07-08,93612.75,13.0
2017-07-09,93612.75,13.0
2017-07-10,93612.75,13.0
2017-07-11,93612.75,13.0
2017-07-12,93612.75,13.0
2017-07-13,93612.75,13.0
2017-07-14,93612.75,13.0
2017-07-15,93612.75,13.0
2017-07-16,93612.75,13.0
2017-07-17,93612.75,13.0
2017-07-18,93612.75,13.0
2017-07-19,93612.75,13.0
2017-07-20,93612.75,13.0
2017-07-21,93612.75,13.0
2017-07-22,93612.75,13.0
2017-07-23,93612.75,13.0
2017-07-24,93612.75,13.0
2017-07-25,93612.75,13.0
2017-07-26,93612.75,13.0
2017-07-27,93612.75,13.0
2017-07-28,93612.75,13.0
2017-07-29,93612.75,13.0
2017-07-30,93612.75,13.0
2017-07-31,93612.75,13.0
2017-08-01,90239.75,14.0
2017-08-02,90239.75,14.0
2017-08-03,90239.75,14.0
2017-08-04,90239.75,14.0
2017-08-05,90239.75,14.0
2017-08-06,90239.75,14.0
2017-08-07,90239.75,14.0
2017-08-08,90239.75,14.0
2017-08-09,90239.75,14.0
2017-08-10,90239.75,14.0
2017-08-11,90239.75,14.0
2017-08-12,90239.75,14.0
2017-08-13,90239.75,14.0
2017-08-14,90239.75,14.0
2017-08-15,90239.75,14.0
2017-08-16,90239.75,14.0
2017-08-17,90239.75,14.0
2017-08-18,90239.75,14.0
2017-08-19,90239.75,14.0
2017-08-20,90239.75,14.0
2017-08-21,90239.75,14.0
2017-08-22,90239.75,14.0
2017-08-23,90239.75,14.0
2017-08-24,90239.75,14.0
2017-08-25,90239.75,14.0
2017-08-26,90239.75,14.0
2017-08-27,90239.75,14.0
2017-08-28,90239.75,14.0
2017-08-29,90239.75,14.0
2017-08-30,90239.75,14.0
2017-08-31,90239.75,14.0
2017-09-01,87058.75,15.0
2017-09-02,87058.75,15.0
2017-09-03,87058.75,15.0
2017-09-04,87058.75,15.0
2017-09-05,87058.75,15.0
2017-09-06,87058.75,15.0
2017-09-07,87058.75,15.0
2017-09-08,87058.75,15.0
2017-09-09,87058.75,15.0
2017-09-10,87058.75,15.0
2017-09-11,87058.75,15.0
2017-09-12,87058.75,15.0
2017-09-13,87058.75,15.0
2017-09-14,87058.75,15.0
2017-09-15,87058.75,15.0
2017-09-16,87058.75,15.0
2017-09-17,87058.75,15.0
2017-09-18,87058.75,15.0
2017-09-19,87058.75,15.0
2017-09-20,87058.75,15.0
2017-09-21,87058.75,15.0
2017-09-22,87058.75,15.0
2017-09-23,87058.75,15.0
2017-09-24,87058.75,15.0
2017-09-25,87903.75,16.0
2017-09-26,87903.75,16.0
2017-09-27,87903.75,16.0
2017-09-28,87903.75,16.0
2017-09-29,87903.75,16.0
2017-09-30,87903.75,16.0
2017-10-01,82889.75,17.0
2017-10-02,82889.75,17.0
2017-10-03,82889.75,17.0
2017-10-04,82889.75,17.0
2017-10-05,82889.75,17.0
2017-10-06,82889.75,17.0
2017-10-07,82889.75,17.0
2017-10-08,82889.75,17.0
2017-10-09,82889.75,17.0
2017-10-10,82889.75,17.0
2017-10-11,82889.75,17.0
2017-10-12,82889.75,17.0
2017-10-13,82889.75,17.0
2017-10-14,82889.75,17.0
2017-10-15,82889.75,17.0
2017-10-16,82889.75,17.0
2017-10-17,82889.75,17.0
2017-10-18,82889.75,17.0
2017-10-19,82889.75,17.0
2017-10-20,82889.75,17.0
2017-10-21,82889.75,17.0
2017-10-22,82889.75,17.0
2017-10-23,82889.75,17.0
2017-10-24,82889.75,17.0
2017-10-25,82889.75,17.0
2017-10-26,82889.75,17.0
2017-10-27,82889.75,17.0
2017-10-28,82889.75,17.0
2017-10-29,82889.75,17.0
2017-10-30,82889.75,17.0
2017-10-31,82889.75,17.0
2017-11-01,76549.75,18.0
2017-11-02,76549.75,18.0
2017-11-03,76549.75,18.0
2017-11-04,76549.75,18.0
2017-11-05,76549.75,18.0
2017-11-06,76549.75,18.0
2017-11-07,76549.75,18.0
2017-11-08,76549.75,18.0
2017-11-09,76549.75,18.0
2017-11-10,76549.75,18.0
2017-11-11,76549.75,18.0
2017-11-12,76549.75,18.0
2017-11-13,76549.75,18.0
2017-11-14,76549.75,18.0
2017-11-15,76549.75,18.0
2017-11-16,76549.75,18.0
2017-11-17,76549.75,18.0
2017-11-18,76549.75,18.0
2017-11-19,76549.75,18.0
2017-11-20,76549.75,18.0
2017-11-21,76549.75,18.0
2017-11-22,76549.75,18.0
2017-11-23,76549.75,18.0
2017-11-24,76549.75,18.0
2017-11-25,76549.75,18.0
2017-11-26,76549.75,18.0
2017-11-27,76549.75,18.0
2017-11-28,76549.75,18.0
2017-11-29,76549.75,18.0
2017-11-30,76549.75,18.0
2017-12-01,70410.75,19.0
2017-12-02,70410.75,19.0
2017-12-03,70410.75,19.0
2017-12-04,70410.75,19.0
2017-12-05,70410.75,19.0
2017-12-06,70410.75,19.0
2017-12-07,70410.75,19.0
2017-12-08,70410.75,19.0
2017-12-09,70410.75,19.0
2017-12-10,70410.75,19.0
2017-12-11,70410.75,19.0
2017-12-12,70410.75,19.0
2017-12-13,70410.75,19.0
2017-12-14,70410.75,19.0
2017-12-15,70410.75,19.0
2017-12-16,70410.75,19.0
2017-12-17,70410.75,19.0
2017-12-18,70410.75,19.0
2017-12-19,70410.75,19.0
2017-12-20,70410.75,19.0
2017-12-21,70410.75,19.0
2017-12-22,70410.75,19.0
2017-12-23,70410.75,19.0
2017-12-24,70410.75,19.0
2017-12-25,71088.75,20.0
2017-12-26,71088.75,20.0
2017-12-27,71088.75,20.0
2017-12-28,71088.75,20.0
2017-12-29,71088.75,20.0
2017-12-30,71088.75,20.0
2017-12-31,71088.75,20.0
2018-01-01,64744.75,21.0
2018-01-02,64744.75,21.0
2018-01-03,64744.75,21.0
2018-01-04,64744.75,21.0
2018-01-05,64744.75,21.0
2018-01-06,64744.75,21.0
2018-01-07,64744.75,21.0
2018-01-08,64744.75,21.0
2018-01-09,64744.75,21.0
2018-01-10,64744.75,21.0
2018-01-11,64744.75,21.0
2018-01-12,64744.75,21.0
2018-01-13,64744.75,21.0
2018-01-14,64744.75,21.0
2018-01-15,64744.75,21.0
2018-01-16,64744.75,21.0
2018-01-17,64744.75,21.0
2018-01-18,64744.75,21.0
2018-01-19,64744.75,21.0
2018-01-20,64744.75,21.0
2018-01-21,64744.75,21.0
2018-01-22,64744.75,21.0
2018-01-23,64744.75,21.0
2018-01-24,64744.75,21.0
2018-01-25,64744.75,21.0
2018-01-26,64744.75,21.0
2018-01-27,64744.75,21.0
2018-01-28,64744.75,21.0
2018-01-29,64744.75,21.0
2018-01-30,64744.75,21.0
2018-01-31,64744.75,21.0
2018-02-01,56865.75,22.0
2018-02-02,56865.75,22.0
2018-02-03,56865.75,22.0
2018-02-04,56865.75,22.0
2018-02-05,56865.75,22.0
2018-02-06,56865.75,22.0
2018-02-07,56865.75,22.0
2018-02-08,56865.75,22.0
2018-02-09,56865.75,22.0
2018-02-10,56865.75,22.0
2018-02-11,56865.75,22.0
2018-02-12,56865.75,22.0
2018-02-13,56865.75,22.0
2018-02-14,56865.75,22.0
2018-02-15,56865.75,22.0
2018-02-16,56865.75,22.0
2018-02-17,56865.75,22.0
2018-02-18,56865.75,22.0
2018-02-19,56865.75,22.0
2018-02-20,56865.75,22.0
2018-02-21,56865.75,22.0
2018-02-22,56865.75,22.0
2018-02-23,56865.75,22.0
2018-02-24,56865.75,22.0
2018-02-25,56718.25,23.0
2018-02-26,56718.25,23.0
2018-02-27,56718.25,23.0
2018-02-28,56718.25,23.0
2018-03-01,47918.25,24.0
2018-03-02,47918.25,24.0
2018-03-03,47918.25,24.0
2018-03-04,47918.25,24.0
2018-03-05,47918.25,24.0
2018-03-06,47918.25,24.0
2018-03-07,47918.25,24.0
2018-03-08,47918.25,24.0
2018-03-09,47918.25,24.0
2018-03-10,47918.25,24.0
2018-03-11,47918.25,24.0
2018-03-12,47918.25,24.0
2018-03-13,47918.25,24.0
2018-03-14,47918.25,24.0
2018-03-15,47918.25,24.0
2018-03-16,47918.25,24.0
2018-03-17,47918.25,24.0
2018-03-18,47918.25,24.0
2018-03-19,47918.25,24.0
2018-03-20,47918.25,24.0
2018-03-21,47918.25,24.0
2018-03-22,47918.25,24.0
2018-03-23,47918.25,24.0
2018-03-24,47918.25,24.0
2018-03-25,48419.25,25.0
2018-03-26,48419.25,25.0
2018-03-27,48419.25,25.0
2018-03-28,48419.25,25.0
2018-03-29,48419.25,25.0
2018-03-30,48419.25,25.0
2018-03-31,100419.25,26.0
2018-04-01,90573.25,27.0
2018-04-02,90573.25,27.0
2018-04-03,90573.25,27.0
2018-04-04,90573.25,27.0
2018-04-05,90573.25,27.0
2018-04-06,90573.25,27.0
2018-04-07,90573.25,27.0
2018-04-08,90573.25,27.0
2018-04-09,90573.25,27.0
2018-04-10,90573.25,27.0
2018-04-11,90573.25,27.0
2018-04-12,90573.25,27.0
2018-04-13,90573.25,27.0
2018-04-14,90573.25,27.0
2018-04-15,90573.25,27.0
2018-04-16,90573.25,27.0
2018-04-17,90573.25,27.0
2018-04-18,90573.25,27.0
2018-04-19,90573.25,27.0
2018-04-20,90573.25,27.0
2018-04-21,90573.25,27.0
2018-04-22,90573.25,27.0
2018-04-23,90573.25,27.0
2018-04-24,90573.25,27.0
2018-04-25,90573.25,27.0
2018-04-26,90573.25,27.0
2018-04-27,90573.25,27.0
2018-04-28,90573.25,27.0
2018-04-29,90573.25,27.0
2018-04-30,90573.25,27.0
2018-05-01,77924.25,28.0
2018-05-02,77924.25,28.0
2018-05-03,77924.25,28.0
2018-05-04,77924.25,28.0
2018-05-05,77924.25,28.0
2018-05-06,77924.25,28.0
2018-05-07,77924.25,28.0
2018-05-08,77924.25,28.0
2018-05-09,77924.25,28.0
2018-05-10,77924.25,28.0
2018-05-11,77924.25,28.0
2018-05-12,77924.25,28.0
2018-05-13,77924.25,28.0
2018-05-14,77924.25,28.0
2018-05-15,77924.25,28.0
2018-05-16,77924.25,28.0
2018-05-17,77924.25,28.0
2018-05-18,77924.25,28.0
2018-05-19,77924.25,28.0
2018-05-20,77924.25,28.0
2018-05-21,77924.25,28.0
2018-05-22,77924.25,28.0
2018-05-23,77924.25,28.0
2018-05-24,77924.25,28.0
2018-05-25,77924.25,28.0
2018-05-26,77924.25,28.0
2018-05-27,77924.25,28.0
2018-05-28,77924.25,28.0
2018-05-29,77924.25,28.0
2018-05-30,77924.25,28.0
2018-05-31,77924.25,28.0
2018-06-01,61530.25,29.0
2018-06-02,61530.25,29.0
2018-06-03,61530.25,29.0
2018-06-04,61530.25,29.0
2018-06-05,61530.25,29.0
2018-06-06,61530.25,29.0
2018-06-07,61530.25,29.0
2018-06-08,61530.25,29.0
2018-06-09,61530.25,29.0
2018-06-10,61530.25,29.0
2018-06-11,61530.25,29.0
2018-06-12,61530.25,29.0
2018-06-13,61530.25,29.0
2018-06-14,61530.25,29.0
2018-06-15,61530.25,29.0
2018-06-16,61530.25,29.0
2018-06-17,61530.25,29.0
2018-06-18,61530.25,29.0
2018-06-19,61530.25,29.0
2018-06-20,61530.25,29.0
2018-06-21,61530.25,29.0
2018-06-22,61530.25,29.0
2018-06-23,61530.25,29.0
2018-06-24,61530.25,29.0
2018-06-25,62203.25,30.0
2018-06-26,62203.25,30.0
2018-06-27,62203.25,30.0
2018-06-28,62203.25,30.0
2018-06-29,62203.25,30.0
2018-06-30,62203.25,30.0
2018-07-01,43316.25,31.0
2018-07-02,43316.25,31.0
2018-07-03,43316.25,31.0
2018-07-04,43316.25,31.0
2018-07-05,43316.25,31.0
2018-07-06,43316.25,31.0
2018-07-07,43316.25,31.0
2018-07-08,43316.25,31.0
2018-07-09,43316.25,31.0
2018-07-10,43316.25,31.0
2018-07-11,43316.25,31.0
2018-07-12,43316.25,31.0
2018-07-13,43316.25,31.0
2018-07-14,43316.25,31.0
2018-07-15,43316.25,31.0
2018-07-16,43316.25,31.0
2018-07-17,43316.25,31.0
2018-07-18,43316.25,31.0
2018-07-19,43316.25,31.0
2018-07-20,43316.25,31.0
2018-07-21,43316.25,31.0
2018-07-22,43316.25,31.0
2018-07-23,43316.25,31.0
2018-07-24,43316.25,31.0
2018-07-25,43316.25,31.0
2018-07-26,43316.25,31.0
2018-07-27,43316.25,31.0
2018-07-28,43316.25,31.0
2018-07-29,43316.25,31.0
2018-07-30,43316.25,31.0
2018-07-31,43316.25,31.0
2018-08-01,20072.25,32.0
2018-08-02,20072.25,32.0
2018-08-03,20072.25,32.0
2018-08-04,20072.25,32.0
2018-08-05,20072.25,32.0
2018-08-06,20072.25,32.0
2018-08-07,20072.25,32.0
2018-08-08,20072.25,32.0
2018-08-09,20072.25,32.0
2018-08-10,20072.25,32.0
2018-08-11,20072.25,32.0
2018-08-12,20072.25,32.0
2018-08-13,70072.25,33.0
2018-08-14,70072.25,33.0
2018-08-15,70072.25,33.0
2018-08-16,70072.25,33.0
2018-08-17,70072.25,33.0
2018-08-18,70072.25,33.0
2018-08-19,70072.25,33.0
2018-08-20,70072.25,33.0
2018-08-21,70072.25,33.0
2018-08-22,70072.25,33.0
2018-08-23,70072.25,33.0
2018-08-24,70072.25,33.0
2018-08-25,70072.25,33.0
2018-08-26,70072.25,33.0
2018-08-27,70072.25,33.0
2018-08-28,70072.25,33.0
2018-08-29,70072.25,33.0
2018-08-30,70072.25,33.0
2018-08-31,70072.25,33.0
2018-09-01,43648.25,34.0
2018-09-02,43648.25,34.0
2018-09-03,43648.25,34.0
2018-09-04,43648.25,34.0
2018-09-05,43648.25,34.0
2018-09-06,43648.25,34.0
2018-09-07,43648.25,34.0
2018-09-08,43648.25,34.0
2018-09-09,43648.25,34.0
2018-09-10,43648.25,34.0
2018-09-11,43648.25,34.0
2018-09-12,43648.25,34.0
2018-09-13,43648.25,34.0
2018-09-14,43648.25,34.0
2018-09-15,43648.25,34.0
2018-09-16,43648.25,34.0
2018-09-17,43648.25,34.0
2018-09-18,43648.25,34.0
2018-09-19,43648.25,34.0
2018-09-20,43648.25,34.0
2018-09-21,43648.25,34.0
2018-09-22,43648.25,34.0
2018-09-23,43648.25,34.0
2018-09-24,43648.25,34.0
2018-09-25,44062.25,35.0
2018-09-26,44062.25,35.0
2018-09-27,44062.25,35.0
2018-09-28,44062.25,35.0
2018-09-29,44062.25,35.0
2018-09-30,44062.25,35.0
2018-10-01,15313.25,36.0
2018-10-02,15313.25,36.0
2018-10-03,15313.25,36.0
2018-10-04,15313.25,36.0
2018-10-05,15313.25,36.0
2018-10-06,15313.25,36.0
2018-10-07,15313.25,36.0
2018-10-08,15313.25,36.0
2018-10-09,15313.25,36.0
2018-10-10,15313.25,36.0
2018-10-11,15313.25,36.0
2018-10-12,15313.25,36.0
2018-10-13,15313.25,36.0
2018-10-14,15313.25,36.0
2018-10-15,100313.25,37.0
2018-10-16,100313.25,37.0
2018-10-17,100313.25,37.0
2018-10-18,100313.25,37.0
2018-10-19,100313.25,37.0
2018-10-20,100313.25,37.0
2018-10-21,100313.25,37.0
2018-10-22,100313.25,37.0
2018-10-23,100313.25,37.0
2018-10-24,100313.25,37.0
2018-10-25,100313.25,37.0
2018-10-26,100313.25,37.0
2018-10-27,100313.25,37.0
2018-10-28,100313.25,37.0
2018-10-29,100313.25,37.0
2018-10-30,100313.25,37.0
2018-10-31,100313.25,37.0
2018-11-01,67180.25,38.0
2018-11-02,67180.25,38.0
2018-11-03,67180.25,38.0
2018-11-04,67180.25,38.0
2018-11-05,67180.25,38.0
2018-11-06,67180.25,38.0
2018-11-07,67180.25,38.0
2018-11-08,67180.25,38.0
2018-11-09,67180.25,38.0
2018-11-10,67180.25,38.0
2018-11-11,67180.25,38.0
2018-11-12,67180.25,38.0
2018-11-13,67180.25,38.0
2018-11-14,67180.25,38.0
2018-11-15,67180.25,38.0
2018-11-16,67180.25,38.0
2018-11-17,67180.25,38.0
2018-11-18,67180.25,38.0
2018-11-19,67180.25,38.0
2018-11-20,67180.25,38.0
2018-11-21,67180.25,38.0
2018-11-22,67180.25,38.0
2018-11-23,67180.25,38.0
2018-11-24,67180.25,38.0
2018-11-25,67180.25,38.0
2018-11-26,67180.25,38.0
2018-11-27,67180.25,38.0
2018-11-28,67180.25,38.0
2018-11-29,67180.25,38.0
2018-11-30,67180.25,38.0
2018-12-01,35116.25,39.0
2018-12-02,35116.25,39.0
2018-12-03,35116.25,39.0
2018-12-04,35116.25,39.0
2018-12-05,35116.25,39.0
2018-12-06,35116.25,39.0
2018-12-07,35116.25,39.0
2018-12-08,35116.25,39.0
2018-12-09,35116.25,39.0
2018-12-10,35116.25,39.0
2018-12-11,35116.25,39.0
2018-12-12,35116.25,39.0
2018-12-13,35116.25,39.0
2018-12-14,35116.25,39.0
2018-12-15,35116.25,39.0
2018-12-16,35116.25,39.0
2018-12-17,35116.25,39.0
2018-12-18,35116.25,39.0
2018-12-19,35116.25,39.0
2018-12-20,35116.25,39.0
2018-12-21,35116.25,39.0
2018-12-22,35116.25,39.0
2018-12-23,35116.25,39.0
2018-12-24,35116.25,39.0
2018-12-25,35599.25,40.0
2018-12-26,35599.25,40.0
2018-12-27,85599.25,41.0
2018-12-28,85599.25,41.0
2018-12-29,85599.25,41.0
2018-12-30,85599.25,41.0
2018-12-31,85599.25,41.0
2019-01-01,52466.25,42.0
2019-01-02,52466.25,42.0
2019-01-03,52466.25,42.0
2019-01-04,52466.25,42.0
2019-01-05,52466.25,42.0
2019-01-06,52466.25,42.0
2019-01-07,52466.25,42.0
2019-01-08,52466.25,42.0
2019-01-09,52466.25,42.0
2019-01-10,52466.25,42.0
2019-01-11,52466.25,42.0
2019-01-12,52466.25,42.0
2019-01-13,52466.25,42.0
2019-01-14,52466.25,42.0
2019-01-15,52466.25,42.0
2019-01-16,52466.25,42.0
2019-01-17,52466.25,42.0
2019-01-18,52466.25,42.0
2019-01-19,52466.25,42.0
2019-01-20,52466.25,42.0
2019-01-21,52466.25,42.0
2019-01-22,52466.25,42.0
2019-01-23,52466.25,42.0
2019-01-24,52466.25,42.0
2019-01-25,52466.25,42.0
2019-01-26,52466.25,42.0
2019-01-27,52466.25,42.0
2019-01-28,52466.25,42.0
2019-01-29,52466.25,42.0
2019-01-30,52466.25,42.0
2019-01-31,52466.25,42.0
2019-02-01,18477.25,43.0
2019-02-02,18477.25,43.0
2019-02-03,18477.25,43.0
2019-02-04,18477.25,43.0
2019-02-05,18477.25,43.0
2019-02-06,18477.25,43.0
2019-02-07,18477.25,43.0
2019-02-08,18477.25,43.0
2019-02-09,18477.25,43.0
2019-02-10,18477.25,43.0
2019-02-11,18477.25,43.0
2019-02-12,18477.25,43.0
2019-02-13,18477.25,43.0
2019-02-14,18477.25,43.0
2019-02-15,18477.25,43.0
2019-02-16,18477.25,43.0
2019-02-17,18477.25,43.0
2019-02-18,18477.25,43.0
2019-02-19,18477.25,43.0
2019-02-20,18477.25,43.0
2019-02-21,18477.25,43.0
2019-02-22,18477.25,43.0
2019-02-23,18477.25,43.0
2019-02-24,18477.25,43.0
2019-02-25,18477.25,43.0
2019-02-26,18477.25,43.0
2019-02-27,18477.25,43.0
2019-02-28,68477.25,44.0
2019-03-01,35125.25,45.0
2019-03-02,35125.25,45.0
2019-03-03,35125.25,45.0
2019-03-04,35125.25,45.0
2019-03-05,35125.25,45.0
2019-03-06,35125.25,45.0
2019-03-07,35125.25,45.0
2019-03-08,35125.25,45.0
2019-03-09,35125.25,45.0
2019-03-10,35125.25,45.0
2019-03-11,35125.25,45.0
2019-03-12,35125.25,45.0
2019-03-13,35125.25,45.0
2019-03-14,35125.25,45.0
2019-03-15,35125.25,45.0
2019-03-16,35125.25,45.0
2019-03-17,34977.75,46.0
2019-03-18,34977.75,46.0
2019-03-19,34977.75,46.0
2019-03-20,34977.75,46.0
2019-03-21,34977.75,46.0
2019-03-22,34977.75,46.0
2019-03-23,34977.75,46.0
2019-03-24,34977.75,46.0
2019-03-25,35316.75,47.0
2019-03-26,35316.75,47.0
2019-03-27,35316.75,47.0
2019-03-28,35316.75,47.0
2019-03-29,73316.75,48.0
2019-03-30,73316.75,48.0
2019-03-31,73316.75,48.0
2019-04-01,35362.75,49.0
2019-04-02,35362.75,49.0
2019-04-03,35362.75,49.0
2019-04-04,35362.75,49.0
2019-04-05,35362.75,49.0
2019-04-06,35362.75,49.0
2019-04-07,35362.75,49.0
2019-04-08,35362.75,49.0
2019-04-09,35362.75,49.0
2019-04-10,35362.75,49.0
2019-04-11,35362.75,49.0
2019-04-12,35362.75,49.0
2019-04-13,35362.75,49.0
2019-04-14,35362.75,49.0
2019-04-15,35362.75,49.0
2019-04-16,35362.75,49.0
2019-04-17,35362.75,49.0
2019-04-18,35362.75,49.0
2019-04-19,35362.75,49.0
2019-04-20,35362.75,49.0
2019-04-21,35362.75,49.0
2019-04-22,35362.75,49.0
2019-04-23,35362.75,49.0
2019-04-24,35362.75,49.0
2019-04-25,35362.75,49.0
2019-04-26,35362.75,49.0
2019-04-27,35362.75,49.0
2019-04-28,35362.75,49.0
2019-04-29,35362.75,49.0
2019-04-30,35362.75,49.0
2019-05-01,8004.75,51.0
2019-05-02,8004.75,51.0
2019-05-03,8004.75,51.0
2019-05-04,8004.75,51.0
2019-05-05,8004.75,51.0
2019-05-06,8004.75,51.0
2019-05-07,8004.75,51.0
2019-05-08,8004.75,51.0
2019-05-09,8004.75,51.0
2019-05-10,8004.75,51.0
2019-05-11,8004.75,51.0
2019-05-12,8004.75,51.0
2019-05-13,8004.75,51.0
2019-05-14,8004.75,51.0
2019-05-15,8004.75,51.0
2019-05-16,8004.75,51.0
2019-05-17,8004.75,51.0
2019-05-18,8004.75,51.0
2019-05-19,8004.75,51.0
2019-05-20,8004.75,51.0
2019-05-21,8004.75,51.0
2019-05-22,8004.75,51.0
2019-05-23,8004.75,51.0
2019-05-24,8004.75,51.0
2019-05-25,8004.75,51.0
2019-05-26,8004.75,51.0
2019-05-27,8004.75,51.0
2019-05-28,8004.75,51.0
2019-05-29,8004.75,51.0
2019-05-30,8004.75,51.0
2019-05-31,58004.75,52.0
2019-06-01,19401.75,53.0
2019-06-02,19401.75,53.0
2019-06-03,19401.75,53.0
2019-06-04,19401.75,53.0
2019-06-05,19401.75,53.0
2019-06-06,19401.75,53.0
2019-06-07,19401.75,53.0
2019-06-08,19401.75,53.0
2019-06-09,19401.75,53.0
2019-06-10,19401.75,53.0
2019-06-11,19401.75,53.0
2019-06-12,19401.75,53.0
2019-06-13,19401.75,53.0
2019-06-14,19401.75,53.0
2019-06-15,19401.75,53.0
2019-06-16,19401.75,53.0
2019-06-17,19401.75,53.0
2019-06-18,19401.75,53.0
2019-06-19,19401.75,53.0
2019-06-20,19401.75,53.0
2019-06-21,19401.75,53.0
2019-06-22,19401.75,53.0
2019-06-23,19401.75,53.0
2019-06-24,19401.75,53.0
2019-06-25,19609.75,54.0
2019-06-26,19609.75,54.0
2019-06-27,19609.75,54.0
2019-06-28,49609.75,55.0
2019-06-29,49609.75,55.0
2019-06-30,49609.75,55.0
2019-07-01,12251.75,56.0
2019-07-02,12251.75,56.0
2019-07-03,12251.75,56.0
2019-07-04,12251.75,56.0
2019-07-05,12251.75,56.0
2019-07-06,12251.75,56.0
2019-07-07,12251.75,56.0
2019-07-08,12251.75,56.0
2019-07-09,12251.75,56.0
2019-07-10,12251.75,56.0
2019-07-11,12251.75,56.0
2019-07-12,12251.75,56.0
2019-07-13,12251.75,56.0
2019-07-14,12251.75,56.0
2019-07-15,12251.75,56.0
2019-07-16,12251.75,56.0
2019-07-17,12251.75,56.0
2019-07-18,12251.75,56.0
2019-07-19,12251.75,56.0
2019-07-20,12251.75,56.0
2019-07-21,12251.75,56.0
2019-07-22,12251.75,56.0
2019-07-23,12251.75,56.0
2019-07-24,12251.75,56.0
2019-07-25,12251.75,56.0
2019-07-26,12251.75,56.0
2019-07-27,12251.75,56.0
2019-07-28,12251.75,56.0
2019-07-29,12251.75,56.0
2019-07-30,12251.75,56.0
2019-07-31,52251.75,57.0
2019-08-01,13648.75,58.0
2019-08-02,13648.75,58.0
2019-08-03,13648.75,58.0
2019-08-04,13648.75,58.0
2019-08-05,13648.75,58.0
2019-08-06,13648.75,58.0
2019-08-07,13648.75,58.0
2019-08-08,13648.75,58.0
2019-08-09,13648.75,58.0
2019-08-10,13648.75,58.0
2019-08-11,13648.75,58.0
2019-08-12,13648.75,58.0
2019-08-13,13648.75,58.0
2019-08-14,13648.75,58.0
2019-08-15,13648.75,58.0
2019-08-16,13648.75,58.0
2019-08-17,13648.75,58.0
2019-08-18,13648.75,58.0
2019-08-19,13648.75,58.0
2019-08-20,13648.75,58.0
2019-08-21,13648.75,58.0
2019-08-22,13648.75,58.0
2019-08-23,13648.75,58.0
2019-08-24,13648.75,58.0
2019-08-25,13648.75,58.0
2019-08-26,13648.75,58.0
2019-08-27,13648.75,58.0
2019-08-28,13648.75,58.0
2019-08-29,13648.75,58.0
2019-08-30,13648.75,58.0
2019-08-31,53648.75,59.0
2019-09-01,15045.75,60.0
2019-09-02,15045.75,60.0
2019-09-03,15045.75,60.0
2019-09-04,15045.75,60.0
2019-09-05,15045.75,60.0
2019-09-06,15045.75,60.0
2019-09-07,15045.75,60.0
2019-09-08,15045.75,60.0
2019-09-09,15045.75,60.0
2019-09-10,15045.75,60.0
2019-09-11,15045.75,60.0
2019-09-12,15045.75,60.0
2019-09-13,15045.75,60.0
2019-09-14,15045.75,60.0
2019-09-15,15045.75,60.0
2019-09-16,15045.75,60.0
2019-09-17,15045.75,60.0
2019-09-18,15045.75,60.0
2019-09-19,15045.75,60.0
2019-09-20,15045.75,60.0
2019-09-21,15045.75,60.0
2019-09-22,15045.75,60.0
2019-09-23,15045.75,60.0
2019-09-24,15045.75,60.0
2019-09-25,15184.75,61.0
2019-09-26,15184.75,61.0
2019-09-27,15184.75,61.0
2019-09-28,15184.75,61.0
2019-09-29,15184.75,61.0
2019-09-30,55184.75,62.0
2019-10-01,17826.75,63.0
2019-10-02,17826.75,63.0
2019-10-03,17826.75,63.0
2019-10-04,17826.75,63.0
2019-10-05,17826.75,63.0
2019-10-06,17826.75,63.0
2019-10-07,17826.75,63.0
2019-10-08,17826.75,63.0
2019-10-09,17826.75,63.0
2019-10-10,17826.75,63.0
2019-10-11,17826.75,63.0
2019-10-12,17826.75,63.0
2019-10-13,17826.75,63.0
2019-10-14,17826.75,63.0
2019-10-15,17826.75,63.0
2019-10-16,17826.75,63.0
2019-10-17,17826.75,63.0
2019-10-18,17826.75,63.0
2019-10-19,17826.75,63.0
2019-10-20,17826.75,63.0
2019-10-21,17826.75,63.0
2019-10-22,17826.75,63.0
2019-10-23,17826.75,63.0
2019-10-24,17826.75,63.0
2019-10-25,17826.75,63.0
2019-10-26,17826.75,63.0
2019-10-27,17826.75,63.0
2019-10-28,17826.75,63.0
2019-10-29,17826.75,63.0
2019-10-30,57826.75,64.0
2019-10-31,57826.75,64.0
2019-11-01,19223.75,65.0
2019-11-02,19223.75,65.0
2019-11-03,19223.75,65.0
2019-11-04,19223.75,65.0
2019-11-05,19223.75,65.0
2019-11-06,19223.75,65.0
2019-11-07,19223.75,65.0
2019-11-08,19223.75,65.0
2019-11-09,19223.75,65.0
2019-11-10,19223.75,65.0
2019-11-11,19223.75,65.0
2019-11-12,19223.75,65.0
2019-11-13,19223.75,65.0
2019-11-14,19223.75,65.0
2019-11-15,19223.75,65.0
2019-11-16,19223.75,65.0
2019-11-17,19223.75,65.0
2019-11-18,19223.75,65.0
2019-11-19,19223.75,65.0
2019-11-20,19223.75,65.0
2019-11-21,19223.75,65.0
2019-11-22,19223.75,65.0
2019-11-23,19223.75,65.0
2019-11-24,19223.75,65.0
2019-11-25,19223.75,65.0
2019-11-26,19223.75,65.0
2019-11-27,19223.75,65.0
2019-11-28,19223.75,65.0
2019-11-29,19223.75,65.0
2019-11-30,59223.75,66.0
2019-12-01,21865.75,67.0
2019-12-02,21865.75,67.0
2019-12-03,21865.75,67.0
2019-12-04,21865.75,67.0
2019-12-05,21865.75,67.0
2019-12-06,21865.75,67.0
2019-12-07,21865.75,67.0
2019-12-08,21865.75,67.0
2019-12-09,21865.75,67.0
2019-12-10,21865.75,67.0
2019-12-11,21865.75,67.0
2019-12-12,21865.75,67.0
2019-12-13,21865.75,67.0
2019-12-14,21865.75,67.0
2019-12-15,21865.75,67.0
2019-12-16,21865.75,67.0
2019-12-17,21865.75,67.0
2019-12-18,21865.75,67.0
2019-12-19,21865.75,67.0
2019-12-20,21865.75,67.0
2019-12-21,21865.75,67.0
2019-12-22,21865.75,67.0
2019-12-23,21865.75,67.0
2019-12-24,21865.75,67.0
2019-12-25,22040.75,68.0
2019-12-26,22040.75,68.0
2019-12-27,22040.75,68.0
2019-12-28,22040.75,68.0
2019-12-29,22040.75,68.0
2019-12-30,62040.75,69.0
2019-12-31,62040.75,69.0
2020-01-01,23437.75,70.0
2020-01-02,23437.75,70.0
2020-01-03,23437.75,70.0
2020-01-04,23437.75,70.0
2020-01-05,23437.75,70.0
2020-01-06,23437.75,70.0
2020-01-07,23437.75,70.0
2020-01-08,23437.75,70.0
2020-01-09,23437.75,70.0
2020-01-10,23437.75,70.0
2020-01-11,23437.75,70.0
2020-01-12,23437.75,70.0
2020-01-13,23437.75,70.0
2020-01-14,23437.75,70.0
2020-01-15,23437.75,70.0
2020-01-16,23437.75,70.0
2020-01-17,23437.75,70.0
2020-01-18,23437.75,70.0
2020-01-19,23437.75,70.0
2020-01-20,23437.75,70.0
2020-01-21,23437.75,70.0
2020-01-22,23437.75,70.0
2020-01-23,23437.75,70.0
2020-01-24,23437.75,70.0
2020-01-25,23437.75,70.0
2020-01-26,23437.75,70.0
2020-01-27,23437.75,70.0
2020-01-28,23437.75,70.0
2020-01-29,23437.75,70.0
2020-01-30,63437.75,71.0
2020-01-31,63437.75,71.0
2020-02-01,24834.75,72.0
2020-02-02,24834.75,72.0
2020-02-03,24834.75,72.0
2020-02-04,24834.75,72.0
2020-02-05,24834.75,72.0
2020-02-06,24834.75,72.0
2020-02-07,24834.75,72.0
2020-02-08,24834.75,72.0
2020-02-09,24834.75,72.0
2020-02-10,24834.75,72.0
2020-02-11,24834.75,72.0
2020-02-12,24834.75,72.0
2020-02-13,24834.75,72.0
2020-02-14,24834.75,72.0
2020-02-15,24834.75,72.0
2020-02-16,24834.75,72.0
2020-02-17,24834.75,72.0
2020-02-18,24834.75,72.0
2020-02-19,24834.75,72.0
2020-02-20,24834.75,72.0
2020-02-21,24834.75,72.0
2020-02-22,24834.75,72.0
2020-02-23,24834.75,72.0
2020-02-24,24834.75,72.0
2020-02-25,24834.75,72.0
2020-02-26,24834.75,72.0
2020-02-27,24687.25,73.0
2020-02-28,24687.25,73.0
2020-02-29,64687.25,74.0
2020-03-01,28574.25,75.0
2020-03-02,28574.25,75.0
2020-03-03,28574.25,75.0
2020-03-04,28574.25,75.0
2020-03-05,28574.25,75.0
2020-03-06,28574.25,75.0
2020-03-07,28574.25,75.0
2020-03-08,28574.25,75.0
2020-03-09,28574.25,75.0
2020-03-10,28574.25,75.0
2020-03-11,28574.25,75.0
2020-03-12,28574.25,75.0
2020-03-13,28574.25,75.0
2020-03-14,28574.25,75.0
2020-03-15,28574.25,75.0
2020-03-16,28574.25,75.0
2020-03-17,28574.25,75.0
2020-03-18,28574.25,75.0
2020-03-19,28574.25,75.0
2020-03-20,28574.25,75.0
2020-03-21,28574.25,75.0
2020-03-22,28574.25,75.0
2020-03-23,28574.25,75.0
2020-03-24,28574.25,75.0
2020-03-25,28793.25,76.0
2020-03-26,28793.25,76.0
2020-03-27,28793.25,76.0
2020-03-28,28793.25,76.0
2020-03-29,68793.25,77.0
2020-03-30,68793.25,77.0
2020-03-31,65794.25,79.0
2020-04-01,15000.0,81.0
2020-04-02,15000.0,81.0
2020-04-03,1000.0,82.0
2020-04-04,1000.0,82.0
2020-04-05,1000.0,82.0
2020-04-06,1000.0,82.0
2020-04-07,1000.0,82.0
2020-04-08,1000.0,82.0
2020-04-09,1000.0,82.0
2020-04-10,1000.0,82.0
2020-04-11,1000.0,82.0
2020-04-12,1000.0,82.0
2020-04-13,1000.0,82.0
2020-04-14,1000.0,82.0
2020-04-15,1000.0,82.0
2020-04-16,1000.0,82.0
2020-04-17,1000.0,82.0
2020-04-18,1000.0,82.0
2020-04-19,1000.0,82.0
2020-04-20,1000.0,82.0
2020-04-21,1000.0,82.0
2020-04-22,1000.0,82.0
2020-04-23,1000.0,82.0
2020-04-24,1000.0,82.0
2020-04-25,1000.0,82.0
2020-04-26,1000.0,82.0
2020-04-27,1000.0,82.0
2020-04-28,1000.0,82.0
2020-04-29,41000.0,83.0
2020-04-30,41000.0,83.0
2020-05-01,1000.0,85.0
2020-05-02,1000.0,85.0
2020-05-03,1000.0,85.0
2020-05-04,1000.0,85.0
2020-05-05,1000.0,85.0
2020-05-06,1000.0,85.0
2020-05-07,1000.0,85.0
2020-05-08,1000.0,85.0
2020-05-09,1000.0,85.0
2020-05-10,1000.0,85.0
2020-05-11,1000.0,85.0
2020-05-12,1000.0,85.0
2020-05-13,1000.0,85.0
2020-05-14,1000.0,85.0
2020-05-15,1000.0,85.0
2020-05-16,1000.0,85.0
2020-05-17,1000.0,85.0
2020-05-18,1000.0,85.0
2020-05-19,1000.0,85.0
2020-05-20,1000.0,85.0
2020-05-21,1000.0,85.0
2020-05-22,1000.0,85.0
2020-05-23,1000.0,85.0
2020-05-24,1000.0,85.0
2020-05-25,1000.0,85.0
2020-05-26,1000.0,85.0
2020-05-27,1000.0,85.0
2020-05-28,1000.0,85.0
2020-05-29,41000.0,86.0
2020-05-30,41000.0,86.0
2020-05-31,41000.0,86.0
2020-06-01,2134.0,87.0
2020-06-02,2134.0,87.0
2020-06-03,2134.0,87.0
2020-06-04,2134.0,87.0
2020-06-05,2134.0,87.0
2020-06-06,6134.0,88.0
2020-06-07,6134.0,88.0
2020-06-08,6134.0,88.0
2020-06-09,6134.0,88.0
2020-06-10,6134.0,88.0
2020-06-11,6134.0,88.0
2020-06-12,6134.0,88.0
2020-06-13,6134.0,88.0
2020-06-14,6134.0,88.0
2020-06-15,6134.0,88.0
2020-06-16,6134.0,88.0
2020-06-17,6134.0,88.0
2020-06-18,6134.0,88.0
2020-06-19,5984.0,91.0
2020-06-20,5984.0,91.0
2020-06-21,5984.0,91.0
2020-06-22,5984.0,91.0
2020-06-23,5984.0,91.0
2020-06-24,5984.0,91.0
2020-06-25,6039.0,92.0
2020-06-26,6039.0,92.0
2020-06-27,6039.0,92.0
2020-06-28,6039.0,92.0
2020-06-29,6039.0,92.0
2020-06-30,61554.0,93.0
2020-07-01,6039.0,94.0
2020-07-02,6039.0,94.0
2020-07-03,6039.0,94.0
2020-07-04,6039.0,94.0
2020-07-05,6039.0,94.0
2020-07-06,6039.0,94.0
2020-07-07,6039.0,94.0
2020-07-08,6039.0,94.0
2020-07-09,6039.0,94.0
2020-07-10,6039.0,94.0
2020-07-11,6039.0,94.0
2020-07-12,6039.0,94.0
2020-07-13,6039.0,94.0
2020-07-14,6039.0,94.0
2020-07-15,6039.0,94.0
2020-07-16,6039.0,94.0
2020-07-17,6039.0,94.0
2020-07-18,6039.0,94.0
2020-07-19,6039.0,94.0
2020-07-20,6039.0,94.0
2020-07-21,6039.0,94.0
2020-07-22,6039.0,94.0
2020-07-23,6039.0,94.0
2020-07-24,6039.0,94.0
2020-07-25,6039.0,94.0
2020-07-26,6039.0,94.0
2020-07-27,6039.0,94.0
2020-07-28,6039.0,94.0
2020-07-29,6039.0,94.0
2020-07-30,61554.0,95.0
2020-07-31,61554.0,95.0
2020-08-01,6039.0,96.0
2020-08-02,6039.0,96.0
2020-08-03,6039.0,96.0
2020-08-04,6039.0,96.0
2020-08-05,6039.0,96.0
2020-08-06,6039.0,96.0
2020-08-07,6039.0,96.0
2020-08-08,6039.0,96.0
2020-08-09,6039.0,96.0
2020-08-10,6039.0,96.0
2020-08-11,6039.0,96.0
2020-08-12,6039.0,96.0
2020-08-13,6039.0,96.0
2020-08-14,6039.0,96.0
2020-08-15,6039.0,96.0
2020-08-16,6039.0,96.0
2020-08-17,6039.0,96.0
2020-08-18,6039.0,96.0
2020-08-19,6039.0,96.0
2020-08-20,6039.0,96.0
2020-08-21,6039.0,96.0
2020-08-22,6039.0,96.0
2020-08-23,6039.0,96.0
2020-08-24,6039.0,96.0
2020-08-25,6039.0,96.0
2020-08-26,6039.0,96.0
2020-08-27,6039.0,96.0
2020-08-28,6039.0,96.0
2020-08-29,6039.0,96.0
2020-08-30,61554.0,97.0
2020-08-31,61554.0,97.0
2020-09-01,6039.0,98.0
2020-09-02,6039.0,98.0
2020-09-03,6039.0,98.0
2020-09-04,6039.0,98.0
2020-09-05,6039.0,98.0
2020-09-06,6039.0,98.0
2020-09-07,6039.0,98.0
2020-09-08,6039.0,98.0
2020-09-09,6039.0,98.0
2020-09-10,6039.0,98.0
2020-09-11,6039.0,98.0
2020-09-12,6039.0,98.0
2020-09-13,6039.0,98.0
2020-09-14,6039.0,98.0
2020-09-15,6039.0,98.0
2020-09-16,6039.0,98.0
2020-09-17,6039.0,98.0
2020-09-18,6039.0,98.0
2020-09-19,6039.0,98.0
2020-09-20,6039.0,98.0
2020-09-21,6039.0,98.0
2020-09-22,6039.0,98.0
2020-09-23,6039.0,98.0
2020-09-24,6039.0,98.0
2020-09-25,6100.0,99.0
2020-09-26,6100.0,99.0
2020-09-27,6100.0,99.0
2020-09-28,6100.0,99.0
2020-09-29,6100.0,99.0
2020-09-30,61615.0,100.0
2020-10-01,6100.0,101.0
2020-10-02,6100.0,101.0
2020-10-03,6100.0,101.0
2020-10-04,6100.0,101.0
2020-10-05,6100.0,101.0
2020-10-06,6100.0,101.0
2020-10-07,6100.0,101.0
2020-10-08,6100.0,101.0
2020-10-09,6100.0,101.0
2020-10-10,6100.0,101.0
2020-10-11,6100.0,101.0
2020-10-12,6100.0,101.0
2020-10-13,6100.0,101.0
2020-10-14,6100.0,101.0
2020-10-15,6100.0,101.0
2020-10-16,6100.0,101.0
2020-10-17,6100.0,101.0
2020-10-18,6100.0,101.0
2020-10-19,6100.0,101.0
2020-10-20,6100.0,101.0
2020-10-21,6100.0,101.0
2020-10-22,6100.0,101.0
2020-10-23,6100.0,101.0
2020-10-24,6100.0,101.0
2020-10-25,6100.0,101.0
2020-10-26,6100.0,101.0
2020-10-27,6100.0,101.0
2020-10-28,6100.0,101.0
2020-10-29,6100.0,101.0
2020-10-30,61615.0,102.0
2020-10-31,61615.0,102.0
2020-11-01,6100.0,103.0
2020-11-02,6100.0,103.0
2020-11-03,6100.0,103.0
2020-11-04,6100.0,103.0
2020-11-05,6100.0,103.0
2020-11-06,6100.0,103.0
2020-11-07,6100.0,103.0
2020-11-08,6100.0,103.0
2020-11-09,6100.0,103.0
2020-11-10,6100.0,103.0
2020-11-11,6100.0,103.0
2020-11-12,6100.0,103.0
2020-11-13,6100.0,103.0
2020-11-14,6100.0,103.0
2020-11-15,6100.0,103.0
2020-11-16,6100.0,103.0
2020-11-17,6100.0,103.0
2020-11-18,6100.0,103.0
2020-11-19,6100.0,103.0
2020-11-20,6100.0,103.0
2020-11-21,6100.0,103.0
2020-11-22,6100.0,103.0
2020-11-23,6100.0,103.0
2020-11-24,6100.0,103.0
2020-11-25,6100.0,103.0
2020-11-26,6100.0,103.0
2020-11-27,6100.0,103.0
2020-11-28,6100.0,103.0
2020-11-29,6100.0,103.0
2020-11-30,61615.0,104.0
2020-12-01,6100.0,105.0
2020-12-02,6100.0,105.0
2020-12-03,6100.0,105.0
2020-12-04,6100.0,105.0
2020-12-05,6100.0,105.0
2020-12-06,6100.0,105.0
2020-12-07,5880.0,106.0
2020-12-08,5880.0,106.0
2020-12-09,5880.0,106.0
2020-12-10,5880.0,106.0
2020-12-11,5880.0,106.0
2020-12-12,6000.0,107.0
2020-12-13,6000.0,107.0
2020-12-14,6000.0,107.0
2020-12-15,6000.0,107.0
2020-12-16,6000.0,107.0
2020-12-17,6000.0,107.0
2020-12-18,6000.0,107.0
2020-12-19,6000.0,107.0
2020-12-20,6000.0,107.0
2020-12-21,6000.0,107.0
2020-12-22,6000.0,107.0
2020-12-23,6000.0,107.0
2020-12-24,6000.0,107.0
2020-12-25,6057.0,108.0
2020-12-26,6057.0,108.0
2020-12-27,6057.0,108.0
2020-12-28,6057.0,108.0
2020-12-29,6057.0,108.0
2020-12-30,6057.0,110.0
2020-12-31,6057.0,110.0
2021-01-01,6057.0,112.0
2021-01-02,6057.0,112.0
2021-01-03,6057.0,112.0
2021-01-04,6057.0,112.0
2021-01-05,6057.0,112.0
2021-01-06,6057.0,112.0
2021-01-07,6057.0,112.0
2021-01-08,6057.0,112.0
2021-01-09,6057.0,112.0
2021-01-10,6057.0,112.0
2021-01-11,6057.0,112.0
2021-01-12,6057.0,112.0
2021-01-13,6057.0,112.0
2021-01-14,6057.0,112.0
2021-01-15,6057.0,112.0
2021-01-16,6057.0,112.0
2021-01-17,6057.0,112.0
2021-01-18,6057.0,112.0
2021-01-19,6057.0,112.0
2021-01-20,6057.0,112.0
2021-01-21,6057.0,112.0
2021-01-22,6057.0,112.0
2021-01-23,6057.0,112.0
2021-01-24,6057.0,112.0
2021-01-25,6057.0,112.0
2021-01-26,6057.0,112.0
2021-01-27,6057.0,112.0
2021-01-28,6057.0,112.0
2021-01-29,6057.0,112.0
2021-01-30,61572.0,113.0
2021-01-31,61572.0,113.0
2021-02-01,6057.0,114.0
2021-02-02,6057.0,114.0
2021-02-03,6057.0,114.0
2021-02-04,6057.0,114.0
2021-02-05,6057.0,114.0
2021-02-06,556057.0,117.0
2021-02-07,556057.0,117.0
2021-02-08,556057.0,117.0
2021-02-09,356169.0,118.0
2021-02-10,7000.0,121.0
2021-02-11,7000.0,121.0
2021-02-12,7000.0,121.0
2021-02-13,7000.0,121.0
2021-02-14,7000.0,121.0
2021-02-15,7000.0,121.0
2021-02-16,7000.0,121.0
2021-02-17,7000.0,121.0
2021-02-18,7000.0,121.0
2021-02-19,7000.0,121.0
2021-02-20,6852.5,122.0
2021-02-21,6852.5,122.0
2021-02-22,6852.5,122.0
2021-02-23,6852.5,122.0
2021-02-24,6852.5,122.0
2021-02-25,6852.5,122.0
2021-02-26,62367.5,123.0
2021-02-27,62367.5,123.0
2021-02-28,62367.5,125.0
2021-03-01,6852.5,126.0
2021-03-02,6852.5,126.0
2021-03-03,6852.5,126.0
2021-03-04,6852.5,126.0
2021-03-05,6852.5,126.0
2021-03-06,6852.5,126.0
2021-03-07,6852.5,126.0
2021-03-08,6852.5,126.0
2021-03-09,6852.5,126.0
2021-03-10,6852.5,126.0
2021-03-11,6852.5,126.0
2021-03-12,6852.5,126.0
2021-03-13,6852.5,126.0
2021-03-14,6852.5,126.0
2021-03-15,6852.5,126.0
2021-03-16,6852.5,126.0
2021-03-17,6852.5,126.0
2021-03-18,6852.5,126.0
2021-03-19,6852.5,126.0
2021-03-20,6852.5,126.0
2021-03-21,6852.5,126.0
2021-03-22,6852.5,126.0
2021-03-23,6852.5,126.0
2021-03-24,6852.5,126.0
2021-03-25,7064.5,127.0
2021-03-26,7064.5,127.0
2021-03-27,7064.5,127.0
2021-03-28,62579.5,128.0
2021-03-29,62579.5,128.0
2021-03-30,8333.5,129.0
2021-03-31,8333.5,129.0
2021-04-01,8333.5,129.0
2021-04-02,8333.5,129.0
2021-04-03,8333.5,129.0
2021-04-04,8333.5,129.0
2021-04-05,8333.5,129.0
2021-04-06,8333.5,129.0
2021-04-07,8333.5,129.0
2021-04-08,8333.5,129.0
2021-04-09,8333.5,129.0
2021-04-10,8333.5,129.0
2021-04-11,8333.5,129.0
2021-04-12,8333.5,129.0
2021-04-13,8333.5,129.0
2021-04-14,8333.5,129.0
2021-04-15,8333.5,129.0
2021-04-16,8333.5,129.0
2021-04-17,8333.5,129.0
2021-04-18,8333.5,129.0
2021-04-19,8333.5,129.0
2021-04-20,8333.5,129.0
2021-04-21,8333.5,129.0
2021-04-22,8333.5,129.0
2021-04-23,8333.5,129.0
2021-04-24,8333.5,129.0
2021-04-25,5000.0,130.0
2021-04-26,5000.0,130.0
2021-04-27,5000.0,130.0
2021-04-28,60515.0,131.0
2021-04-29,5000.0,132.0
2021-04-30,5000.0,132.0
2021-05-01,5000.0,132.0
2021-05-02,5000.0,132.0
2021-05-03,5000.0,132.0
2021-05-04,5000.0,132.0
2021-05-05,5000.0,132.0
2021-05-06,5000.0,132.0
2021-05-07,5000.0,132.0
2021-05-08,5000.0,132.0
2021-05-09,5000.0,132.0
2021-05-10,5000.0,132.0
2021-05-11,5000.0,132.0
2021-05-12,5000.0,132.0
2021-05-13,5000.0,132.0
2021-05-14,5000.0,132.0
2021-05-15,5000.0,132.0
2021-05-16,5000.0,132.0
2021-05-17,5000.0,132.0
2021-05-18,5000.0,132.0
2021-05-19,5000.0,132.0
2021-05-20,5000.0,132.0
2021-05-21,5000.0,132.0
2021-05-22,5000.0,132.0
2021-05-23,5000.0,132.0
2021-05-24,5000.0,132.0
2021-05-25,5000.0,132.0
2021-05-26,5000.0,132.0
2021-05-27,5000.0,132.0
2021-05-28,60515.0,133.0
2021-05-29,60515.0,133.0
2021-05-30,60515.0,133.0
2021-05-31,60515.0,133.0
2021-06-01,5000.0,134.0
2021-06-02,5000.0,134.0
2021-06-03,5000.0,134.0
2021-06-04,5000.0,134.0
2021-06-05,5000.0,134.0
2021-06-06,5000.0,134.0
2021-06-07,5000.0,134.0
2021-06-08,5000.0,134.0
2021-06-09,5000.0,134.0
2021-06-10,5000.0,134.0
2021-06-11,5000.0,134.0
2021-06-12,5000.0,134.0
2021-06-13,5000.0,134.0
2021-06-14,5000.0,134.0
2021-06-15,5000.0,134.0
2021-06-16,5000.0,134.0
2021-06-17,5000.0,134.0
2021-06-18,5000.0,134.0
2021-06-19,5000.0,134.0
2021-06-20,5000.0,134.0
2021-06-21,5000.0,134.0
2021-06-22,5000.0,134.0
2021-06-23,5000.0,134.0
2021-06-24,5000.0,134.0
2021-06-25,5070.0,135.0
2021-06-26,5070.0,135.0
2021-06-27,5070.0,135.0
2021-06-28,60585.0,136.0
2021-06-29,60585.0,136.0
2021-06-30,60585.0,136.0
2021-07-01,5070.0,137.0
2021-07-02,5070.0,137.0
2021-07-03,5070.0,137.0
2021-07-04,5070.0,137.0
2021-07-05,5070.0,137.0
2021-07-06,5070.0,137.0
2021-07-07,5070.0,137.0
2021-07-08,5070.0,137.0
2021-07-09,5070.0,137.0
2021-07-10,5070.0,137.0
2021-07-11,5070.0,137.0
2021-07-12,5070.0,137.0
2021-07-13,5070.0,137.0
2021-07-14,5070.0,137.0
2021-07-15,5070.0,137.0
2021-07-16,5070.0,137.0
2021-07-17,5070.0,137.0
2021-07-18,5070.0,137.0
2021-07-19,5070.0,137.0
2021-07-20,5070.0,137.0
2021-07-21,5070.0,137.0
2021-07-22,5070.0,137.0
2021-07-23,5070.0,137.0
2021-07-24,5070.0,137.0
2021-07-25,5070.0,137.0
2021-07-26,5070.0,137.0
2021-07-27,5070.0,137.0
2021-07-28,60585.0,138.0
2021-07-29,60585.0,138.0
2021-07-30,60585.0,138.0
2021-07-31,60585.0,138.0
2021-08-01,5070.0,139.0
2021-08-02,5070.0,139.0
2021-08-03,5070.0,139.0
2021-08-04,5070.0,139.0
2021-08-05,5070.0,139.0
2021-08-06,5070.0,139.0
2021-08-07,5070.0,139.0
2021-08-08,5070.0,139.0
2021-08-09,5070.0,139.0
2021-08-10,5070.0,139.0
2021-08-11,5070.0,139.0
2021-08-12,5070.0,139.0
2021-08-13,5070.0,139.0
2021-08-14,5070.0,139.0
2021-08-15,5070.0,139.0
2021-08-16,5070.0,139.0
2021-08-17,5070.0,139.0
2021-08-18,5070.0,139.0
2021-08-19,5070.0,139.0
2021-08-20,5070.0,139.0
2021-08-21,5070.0,139.0
2021-08-22,5070.0,139.0
2021-08-23,5070.0,139.0
2021-08-24,5070.0,139.0
2021-08-25,5070.0,139.0
2021-08-26,5070.0,139.0
2021-08-27,5070.0,139.0
2021-08-28,60585.0,140.0
2021-08-29,60585.0,140.0
2021-08-30,60585.0,140.0
2021-08-31,60585.0,140.0
2021-09-01,5070.0,141.0
2021-09-02,5070.0,141.0
2021-09-03,5070.0,141.0
2021-09-04,5070.0,143.0
2021-09-05,5070.0,143.0
2021-09-06,5070.0,143.0
2021-09-07,5070.0,143.0
2021-09-08,5070.0,143.0
2021-09-09,5070.0,143.0
2021-09-10,5070.0,143.0
2021-09-11,5070.0,143.0
2021-09-12,5070.0,143.0
2021-09-13,5070.0,143.0
2021-09-14,5070.0,143.0
2021-09-15,5070.0,143.0
2021-09-16,5070.0,143.0
2021-09-17,5070.0,143.0
2021-09-18,5070.0,143.0
2021-09-19,5070.0,143.0
2021-09-20,5070.0,143.0
2021-09-21,5070.0,143.0
2021-09-22,5070.0,143.0
2021-09-23,5070.0,143.0
2021-09-24,5070.0,143.0
2021-09-25,5149.0,144.0
2021-09-26,5149.0,144.0
2021-09-27,5149.0,144.0
2021-09-28,60664.0,145.0
2021-09-29,60664.0,145.0
2021-09-30,60664.0,145.0
2021-10-01,5149.0,146.0
2021-10-02,5149.0,146.0
2021-10-03,5149.0,146.0
2021-10-04,5149.0,146.0
2021-10-05,5149.0,146.0
2021-10-06,5149.0,146.0
2021-10-07,5149.0,146.0
2021-10-08,5149.0,146.0
2021-10-09,5149.0,146.0
2021-10-10,5149.0,146.0
2021-10-11,5149.0,146.0
2021-10-12,5149.0,146.0
2021-10-13,5149.0,146.0
2021-10-14,5149.0,146.0
2021-10-15,5149.0,146.0
2021-10-16,5149.0,146.0
2021-10-17,5149.0,146.0
2021-10-18,5149.0,146.0
2021-10-19,5149.0,146.0
2021-10-20,5149.0,146.0
2021-10-21,5149.0,146.0
2021-10-22,5149.0,146.0
2021-10-23,5149.0,146.0
2021-10-24,5149.0,146.0
2021-10-25,5149.0,146.0
2021-10-26,5149.0,146.0
2021-10-27,5149.0,146.0
2021-10-28,60664.0,147.0
2021-10-29,60664.0,147.0
2021-10-30,60664.0,147.0
2021-10-31,60664.0,147.0
2021-11-01,5149.0,148.0
2021-11-02,5149.0,148.0
2021-11-03,5149.0,148.0
2021-11-04,5149.0,148.0
2021-11-05,5149.0,148.0
2021-11-06,5149.0,148.0
2021-11-07,5149.0,148.0
2021-11-08,5149.0,148.0
2021-11-09,5149.0,148.0
2021-11-10,5149.0,148.0
2021-11-11,5149.0,148.0
2021-11-12,5149.0,148.0
2021-11-13,5149.0,148.0
2021-11-14,5149.0,148.0
2021-11-15,5149.0,148.0
2021-11-16,5149.0,148.0
2021-11-17,5149.0,148.0
2021-11-18,5149.0,148.0
2021-11-19,5149.0,148.0
2021-11-20,5149.0,148.0
2021-11-21,5149.0,148.0
2021-11-22,5149.0,148.0
2021-11-23,5149.0,148.0
2021-11-24,5149.0,148.0
2021-11-25,5149.0,148.0
2021-11-26,5149.0,148.0
2021-11-27,5149.0,148.0
2021-11-28,60664.0,149.0
2021-11-29,60664.0,149.0
2021-11-30,60664.0,149.0
2021-12-01,5149.0,150.0
2021-12-02,5149.0,150.0
2021-12-03,5149.0,150.0
2021-12-04,5149.0,150.0
2021-12-05,5149.0,150.0
2021-12-06,5149.0,150.0
2021-12-07,5149.0,150.0
2021-12-08,5149.0,150.0
2021-12-09,5149.0,150.0
2021-12-10,5149.0,150.0
2021-12-11,5149.0,150.0
2021-12-12,5149.0,150.0
2021-12-13,5149.0,150.0
2021-12-14,5149.0,150.0
2021-12-15,5149.0,150.0
2021-12-16,5149.0,150.0
2021-12-17,5149.0,150.0
2021-12-18,5149.0,150.0
2021-12-19,5149.0,150.0
2021-12-20,5149.0,150.0
2021-12-21,5149.0,150.0
2021-12-22,5149.0,150.0
2021-12-23,5149.0,150.0
2021-12-24,5149.0,150.0
2021-12-25,5225.0,151.0
2021-12-26,5225.0,151.0
2021-12-27,5225.0,151.0
2021-12-28,60740.0,152.0
2021-12-29,60740.0,152.0
2021-12-30,60740.0,152.0
2021-12-31,60740.0,152.0
2022-01-01,5225.0,153.0
2022-01-02,5225.0,153.0
2022-01-03,5225.0,153.0
2022-01-04,5225.0,153.0
2022-01-05,5225.0,153.0
2022-01-06,5225.0,153.0
2022-01-07,5225.0,153.0
2022-01-08,5225.0,153.0
2022-01-09,5225.0,153.0
2022-01-10,5225.0,153.0
2022-01-11,5225.0,153.0
2022-01-12,5225.0,153.0
2022-01-13,5225.0,153.0
2022-01-14,5225.0,153.0
2022-01-15,5225.0,153.0
2022-01-16,5225.0,153.0
2022-01-17,5225.0,153.0
2022-01-18,5225.0,153.0
2022-01-19,5225.0,153.0
2022-01-20,5225.0,153.0
2022-01-21,5225.0,153.0
2022-01-22,5225.0,153.0
2022-01-23,5225.0,153.0
2022-01-24,5225.0,153.0
2022-01-25,5225.0,153.0
2022-01-26,5225.0,153.0
2022-01-27,5225.0,153.0
2022-01-28,60740.0,154.0
2022-01-29,60740.0,154.0
2022-01-30,60740.0,154.0
2022-01-31,60740.0,154.0
2022-02-01,5225.0,155.0
2022-02-02,5225.0,155.0
2022-02-03,5225.0,155.0
2022-02-04,5225.0,155.0
2022-02-05,5225.0,155.0
2022-02-06,5225.0,155.0
2022-02-07,5225.0,155.0
2022-02-08,5225.0,155.0
2022-02-09,5225.0,155.0
2022-02-10,5225.0,155.0
2022-02-11,5225.0,155.0
2022-02-12,5225.0,155.0
2022-02-13,5225.0,155.0
2022-02-14,5225.0,155.0
2022-02-15,5225.0,155.0
2022-02-16,5225.0,155.0
2022-02-17,5225.0,155.0
2022-02-18,5225.0,155.0
2022-02-19,5077.5,156.0
2022-02-20,5077.5,156.0
2022-02-21,5077.5,156.0
2022-02-22,5077.5,156.0
2022-02-23,5077.5,156.0
2022-02-24,5077.5,156.0
2022-02-25,5077.5,156.0
2022-02-26,5077.5,156.0
2022-02-27,5077.5,156.0
2022-02-28,60592.5,157.0
2022-03-01,5077.5,158.0
2022-03-02,5077.5,158.0
2022-03-03,5077.5,158.0
2022-03-04,5077.5,158.0
2022-03-05,5077.5,158.0
2022-03-06,5077.5,158.0
2022-03-07,5077.5,158.0
2022-03-08,5077.5,158.0
2022-03-09,5077.5,158.0
2022-03-10,5077.5,158.0
2022-03-11,5077.5,158.0
2022-03-12,5077.5,158.0
2022-03-13,5077.5,158.0
2022-03-14,5077.5,158.0
2022-03-15,5077.5,158.0
2022-03-16,5077.5,158.0
2022-03-17,5077.5,158.0
2022-03-18,5077.5,158.0
2022-03-19,5077.5,158.0
2022-03-20,5077.5,158.0
2022-03-21,5077.5,158.0
2022-03-22,5077.5,158.0
2022-03-23,5077.5,158.0
2022-03-24,5077.5,158.0
2022-03-25,5148.5,159.0
2022-03-26,5148.5,159.0
2022-03-27,5148.5,159.0
2022-03-28,60663.5,162.0
2022-03-29,60663.5,162.0
2022-03-30,60663.5,162.0
2022-03-31,60663.5,162.0
2022-04-01,5148.5,163.0
2022-04-02,5148.5,163.0
2022-04-03,5148.5,163.0
2022-04-04,5148.5,163.0
2022-04-05,5148.5,163.0
2022-04-06,5148.5,163.0
2022-04-07,5148.5,163.0
2022-04-08,5148.5,163.0
2022-04-09,5148.5,163.0
2022-04-10,5148.5,163.0
2022-04-11,5148.5,163.0
2022-04-12,5148.5,163.0
2022-04-13,5148.5,163.0
2022-04-14,5148.5,163.0
2022-04-15,5148.5,163.0
2022-04-16,5148.5,163.0
2022-04-17,5148.5,163.0
2022-04-18,5148.5,163.0
2022-04-19,5148.5,163.0
2022-04-20,5148.5,163.0
2022-04-21,5148.5,163.0
2022-04-22,5148.5,163.0
2022-04-23,5148.5,163.0
2022-04-24,5148.5,163.0
2022-04-25,5148.5,163.0
2022-04-26,5148.5,163.0
2022-04-27,5148.5,163.0
2022-04-28,60663.5,164.0
2022-04-29,60663.5,164.0
2022-04-30,60663.5,164.0
2022-05-01,5148.5,165.0
2022-05-02,5148.5,165.0
2022-05-03,5148.5,165.0
2022-05-04,5148.5,165.0
2022-05-05,5148.5,165.0
2022-05-06,5148.5,165.0
2022-05-07,5148.5,165.0
2022-05-08,5148.5,165.0
2022-05-09,5148.5,165.0
2022-05-10,5148.5,165.0
2022-05-11,5148.5,165.0
2022-05-12,5148.5,165.0
2022-05-13,5148.5,165.0
2022-05-14,5148.5,165.0
2022-05-15,5148.5,165.0
2022-05-16,5148.5,165.0
2022-05-17,5148.5,165.0
2022-05-18,5148.5,165.0
2022-05-19,5148.5,165.0
2022-05-20,5148.5,165.0
2022-05-21,5148.5,165.0
2022-05-22,5148.5,165.0
2022-05-23,5148.5,165.0
2022-05-24,5148.5,165.0
2022-05-25,5148.5,165.0
2022-05-26,5148.5,165.0
2022-05-27,5148.5,165.0
2022-05-28,60663.5,166.0
2022-05-29,60663.5,166.0
2022-05-30,60663.5,166.0
2022-05-31,60663.5,166.0
2022-06-01,5148.5,167.0
2022-06-02,5148.5,167.0
2022-06-03,5148.5,167.0
2022-06-04,5148.5,167.0
2022-06-05,5148.5,167.0
2022-06-06,5148.5,167.0
2022-06-07,5148.5,167.0
2022-06-08,5148.5,167.0
2022-06-09,5148.5,167.0
2022-06-10,5148.5,167.0
2022-06-11,5148.5,167.0
2022-06-12,5148.5,167.0
2022-06-13,5148.5,167.0
2022-06-14,5148.5,167.0
2022-06-15,5148.5,167.0
2022-06-16,5148.5,167.0
2022-06-17,5148.5,167.0
2022-06-18,5148.5,167.0
2022-06-19,5148.5,167.0
2022-06-20,5148.5,167.0
2022-06-21,5148.5,167.0
2022-06-22,5148.5,167.0
2022-06-23,5148.5,167.0
2022-06-24,5148.5,167.0
2022-06-25,5228.5,168.0
2022-06-26,5228.5,168.0
2022-06-27,5228.5,168.0
2022-06-28,60743.5,169.0
2022-06-29,60743.5,169.0
2022-06-30,60743.5,169.0
2022-07-01,5228.5,170.0
2022-07-02,5228.5,170.0
2022-07-03,5228.5,170.0
2022-07-04,5228.5,170.0
2022-07-05,5228.5,170.0
2022-07-06,5228.5,170.0
2022-07-07,5228.5,170.0
2022-07-08,5228.5,170.0
2022-07-09,5228.5,170.0
2022-07-10,5228.5,170.0
2022-07-11,5228.5,170.0
2022-07-12,5228.5,170.0
2022-07-13,5228.5,170.0
2022-07-14,5228.5,170.0
2022-07-15,5228.5,170.0
2022-07-16,5228.5,170.0
2022-07-17,5228.5,170.0
2022-07-18,5228.5,170.0
2022-07-19,5228.5,170.0
2022-07-20,5228.5,170.0
2022-07-21,5228.5,170.0
2022-07-22,5228.5,170.0
2022-07-23,5228.5,170.0
2022-07-24,5228.5,170.0
2022-07-25,5228.5,170.0
2022-07-26,5228.5,170.0
2022-07-27,5228.5,170.0
2022-07-28,60743.5,171.0
2022-07-29,60743.5,171.0
2022-07-30,60743.5,171.0
2022-07-31,60743.5,171.0
2022-08-01,5228.5,172.0
2022-08-02,5228.5,172.0
2022-08-03,5228.5,172.0
2022-08-04,5228.5,172.0
2022-08-05,5228.5,172.0
2022-08-06,5228.5,172.0
2022-08-07,5228.5,172.0
2022-08-08,5228.5,172.0
2022-08-09,5228.5,172.0
2022-08-10,5228.5,172.0
2022-08-11,5228.5,172.0
2022-08-12,5228.5,172.0
2022-08-13,5228.5,172.0
2022-08-14,5228.5,172.0
2022-08-15,5228.5,172.0
2022-08-16,5228.5,172.0
2022-08-17,5228.5,172.0
2022-08-18,5228.5,172.0
2022-08-19,5228.5,172.0
2022-08-20,5228.5,172.0
2022-08-21,5228.5,172.0
2022-08-22,5228.5,172.0
2022-08-23,5228.5,172.0
2022-08-24,5228.5,172.0
2022-08-25,5228.5,172.0
2022-08-26,5228.5,172.0
2022-08-27,5228.5,172.0
2022-08-28,60743.5,173.0
2022-08-29,60743.5,173.0
2022-08-30,60743.5,173.0
2022-08-31,60743.5,173.0
2022-09-01,5228.5,174.0
2022-09-02,5228.5,174.0
2022-09-03,5228.5,174.0
2022-09-04,5228.5,174.0
2022-09-05,5228.5,174.0
2022-09-06,5228.5,174.0
2022-09-07,5228.5,174.0
2022-09-08,5228.5,174.0
2022-09-09,5228.5,174.0
2022-09-10,5228.5,174.0
2022-09-11,5228.5,174.0
2022-09-12,5228.5,174.0
2022-09-13,5228.5,174.0
2022-09-14,5228.5,174.0
2022-09-15,5228.5,174.0
2022-09-16,5228.5,174.0
2022-09-17,5228.5,174.0
2022-09-18,5228.5,174.0
2022-09-19,5228.5,174.0
2022-09-20,5228.5,174.0
2022-09-21,5228.5,174.0
2022-09-22,5228.5,174.0
2022-09-23,5228.5,174.0
2022-09-24,5228.5,174.0
2022-09-25,5309.5,175.0
2022-09-26,5309.5,175.0
2022-09-27,5309.5,175.0
2022-09-28,60824.5,176.0
2022-09-29,60824.5,176.0
2022-09-30,60824.5,176.0
2022-10-01,5309.5,177.0
2022-10-02,5309.5,177.0
2022-10-03,5309.5,177.0
2022-10-04,5309.5,177.0
2022-10-05,5309.5,177.0
2022-10-06,5309.5,177.0
2022-10-07,5309.5,177.0
2022-10-08,5309.5,177.0
2022-10-09,5309.5,177.0
2022-10-10,5309.5,177.0
2022-10-11,5309.5,177.0
2022-10-12,5309.5,177.0
2022-10-13,5309.5,177.0
2022-10-14,5309.5,177.0
2022-10-15,5309.5,177.0
2022-10-16,5309.5,177.0
2022-10-17,5309.5,177.0
2022-10-18,5309.5,177.0
2022-10-19,5309.5,177.0
2022-10-20,5309.5,177.0
2022-10-21,5309.5,177.0
2022-10-22,5309.5,177.0
2022-10-23,5309.5,177.0
2022-10-24,5309.5,177.0
2022-10-25,5309.5,177.0
2022-10-26,5309.5,177.0
2022-10-27,5309.5,177.0
2022-10-28,60824.5,178.0
2022-10-29,60824.5,178.0
2022-10-30,60824.5,178.0
2022-10-31,60824.5,178.0
2022-11-01,5309.5,179.0
2022-11-02,5309.5,179.0
2022-11-03,5309.5,179.0
2022-11-04,5309.5,179.0
2022-11-05,5309.5,179.0
2022-11-06,5309.5,179.0
2022-11-07,5309.5,179.0
2022-11-08,5309.5,179.0
2022-11-09,5309.5,179.0
2022-11-10,5309.5,179.0
2022-11-11,5309.5,179.0
2022-11-12,5309.5,179.0
2022-11-13,5309.5,179.0
2022-11-14,5309.5,179.0
2022-11-15,5309.5,179.0
2022-11-16,5309.5,179.0
2022-11-17,5309.5,179.0
2022-11-18,5309.5,179.0
2022-11-19,5309.5,179.0
2022-11-20,5309.5,179.0
2022-11-21,5309.5,179.0
2022-11-22,5309.5,179.0
2022-11-23,5309.5,179.0
2022-11-24,5309.5,179.0
2022-11-25,5309.5,179.0
2022-11-26,5309.5,179.0
2022-11-27,5309.5,179.0
2022-11-28,60824.5,180.0
2022-11-29,60824.5,180.0
2022-11-30,60824.5,180.0
2022-12-01,5309.5,181.0
2022-12-02,5309.5,181.0
2022-12-03,5309.5,181.0
2022-12-04,5309.5,181.0
2022-12-05,5309.5,181.0
2022-12-06,5309.5,181.0
2022-12-07,5309.5,181.0
2022-12-08,5309.5,181.0
2022-12-09,5309.5,181.0
2022-12-10,5309.5,181.0
2022-12-11,5309.5,181.0
2022-12-12,5309.5,181.0
2022-12-13,5309.5,181.0
2022-12-14,5309.5,181.0
2022-12-15,5309.5,181.0
2022-12-16,5309.5,181.0
2022-12-17,5309.5,181.0
2022-12-18,5309.5,181.0
2022-12-19,5309.5,181.0
2022-12-20,5309.5,181.0
2022-12-21,5309.5,181.0
2022-12-22,5309.5,181.0
2022-12-23,5309.5,181.0
2022-12-24,5309.5,181.0
2022-12-25,5386.5,182.0
2022-12-26,5386.5,182.0
2022-12-27,5386.5,182.0
2022-12-28,60901.5,183.0
2022-12-29,60901.5,183.0
2022-12-30,60901.5,183.0
2022-12-31,60901.5,183.0
2023-01-01,5386.5,184.0
2023-01-02,5386.5,184.0
2023-01-03,5386.5,184.0
2023-01-04,5386.5,184.0
2023-01-05,5386.5,184.0
2023-01-06,5386.5,184.0
2023-01-07,5386.5,184.0
2023-01-08,5386.5,184.0
2023-01-09,5386.5,184.0
2023-01-10,5386.5,184.0
2023-01-11,5386.5,184.0
2023-01-12,5386.5,184.0
2023-01-13,5386.5,184.0
2023-01-14,5386.5,184.0
2023-01-15,5386.5,184.0
2023-01-16,5386.5,184.0
2023-01-17,5386.5,184.0
2023-01-18,5386.5,184.0
2023-01-19,5386.5,184.0
2023-01-20,5386.5,184.0
2023-01-21,5386.5,184.0
2023-01-22,5386.5,184.0
2023-01-23,5386.5,184.0
2023-01-24,5386.5,184.0
2023-01-25,5386.5,184.0
2023-01-26,5386.5,184.0
2023-01-27,5386.5,184.0
2023-01-28,60901.5,185.0
2023-01-29,60901.5,185.0
2023-01-30,60901.5,185.0
2023-01-31,60901.5,185.0
2023-02-01,5386.5,186.0
2023-02-02,5386.5,186.0
2023-02-03,5386.5,186.0
2023-02-04,5386.5,186.0
2023-02-05,5386.5,186.0
2023-02-06,5386.5,186.0
2023-02-07,5386.5,186.0
2023-02-08,5386.5,186.0
2023-02-09,5386.5,186.0
2023-02-10,5386.5,186.0
2023-02-11,5386.5,186.0
2023-02-12,5386.5,186.0
2023-02-13,5386.5,186.0
2023-02-14,5386.5,186.0
2023-02-15,5386.5,186.0
2023-02-16,5386.5,186.0
2023-02-17,5239.0,187.0
2023-02-18,5239.0,187.0
2023-02-19,5239.0,187.0
2023-02-20,5239.0,187.0
2023-02-21,5239.0,187.0
2023-02-22,5239.0,187.0
2023-02-23,5239.0,187.0
2023-02-24,5239.0,187.0
2023-02-25,5239.0,187.0
2023-02-26,5239.0,187.0
2023-02-27,5239.0,187.0
2023-02-28,60754.0,188.0
2023-03-01,5239.0,189.0
2023-03-02,5239.0,189.0
2023-03-03,5239.0,189.0
2023-03-04,5239.0,189.0
2023-03-05,5239.0,189.0
2023-03-06,5239.0,189.0
2023-03-07,5239.0,189.0
2023-03-08,5239.0,189.0
2023-03-09,5239.0,189.0
2023-03-10,5239.0,189.0
2023-03-11,5239.0,189.0
2023-03-12,5239.0,189.0
2023-03-13,5239.0,189.0
2023-03-14,5239.0,189.0
2023-03-15,5239.0,189.0
2023-03-16,5239.0,189.0
2023-03-17,5239.0,189.0
2023-03-18,5239.0,189.0
2023-03-19,5239.0,189.0
2023-03-20,5239.0,189.0
2023-03-21,5239.0,189.0
2023-03-22,5239.0,189.0
2023-03-23,5239.0,189.0
2023-03-24,5239.0,189.0
2023-03-25,5311.0,190.0
2023-03-26,5311.0,190.0
2023-03-27,5311.0,190.0
2023-03-28,60826.0,191.0
2023-03-29,60826.0,191.0
2023-03-30,60826.0,191.0
2023-03-31,60826.0,191.0
2023-04-01,5311.0,192.0
2023-04-02,5311.0,192.0
2023-04-03,5311.0,192.0
2023-04-04,5311.0,192.0
2023-04-05,5311.0,192.0
2023-04-06,5311.0,192.0
2023-04-07,5311.0,192.0
2023-04-08,5311.0,192.0
2023-04-09,5311.0,192.0
2023-04-10,5311.0,192.0
2023-04-11,5311.0,192.0
2023-04-12,5311.0,192.0
2023-04-13,5311.0,192.0
2023-04-14,5311.0,192.0
2023-04-15,5311.0,192.0
2023-04-16,5311.0,192.0
2023-04-17,5311.0,192.0
2023-04-18,5311.0,192.0
2023-04-19,5311.0,192.0
2023-04-20,5311.0,192.0
2023-04-21,5311.0,192.0
2023-04-22,5311.0,192.0
2023-04-23,5311.0,192.0
2023-04-24,5311.0,192.0
2023-04-25,5311.0,192.0
2023-04-26,5311.0,192.0
2023-04-27,5311.0,192.0
2023-04-28,60826.0,193.0
2023-04-29,60826.0,193.0
2023-04-30,60826.0,193.0
2023-05-01,5311.0,194.0
2023-05-02,5311.0,194.0
2023-05-03,5311.0,194.0
2023-05-04,5311.0,194.0
2023-05-05,5311.0,194.0
2023-05-06,5311.0,194.0
2023-05-07,5311.0,194.0
2023-05-08,5311.0,194.0
2023-05-09,5311.0,194.0
2023-05-10,5311.0,194.0
2023-05-11,5311.0,194.0
2023-05-12,5311.0,194.0
2023-05-13,5311.0,194.0
2023-05-14,5311.0,194.0
2023-05-15,5311.0,194.0
2023-05-16,5311.0,194.0
2023-05-17,5311.0,194.0
2023-05-18,5311.0,194.0
2023-05-19,5311.0,194.0
2023-05-20,5311.0,194.0
2023-05-21,5311.0,194.0
2023-05-22,5311.0,194.0
2023-05-23,5311.0,194.0
2023-05-24,5311.0,194.0
2023-05-25,5311.0,194.0
2023-05-26,5311.0,194.0
2023-05-27,5311.0,194.0
2023-05-28,60826.0,195.0
2023-05-29,60826.0,195.0
2023-05-30,60826.0,195.0
2023-05-31,60826.0,195.0
2023-06-01,5311.0,196.0
2023-06-02,5311.0,196.0
2023-06-03,5311.0,196.0
2023-06-04,5311.0,196.0
2023-06-05,5311.0,196.0
2023-06-06,5311.0,196.0
2023-06-07,5311.0,196.0
2023-06-08,5311.0,196.0
2023-06-09,5311.0,196.0
2023-06-10,5311.0,196.0
2023-06-11,5311.0,196.0
2023-06-12,5311.0,196.0
2023-06-13,5311.0,196.0
2023-06-14,5311.0,196.0
2023-06-15,5311.0,196.0
2023-06-16,5311.0,196.0
2023-06-17,5311.0,196.0
2023-06-18,5311.0,196.0
2023-06-19,5311.0,196.0
2023-06-20,5311.0,196.0
2023-06-21,5311.0,196.0
2023-06-22,5311.0,196.0
2023-06-23,5311.0,196.0
2023-06-24,5311.0,196.0
2023-06-25,5392.0,197.0
2023-06-26,5392.0,197.0
2023-06-27,5392.0,197.0
2023-06-28,60907.0,198.0
2023-06-29,60907.0,198.0
2023-06-30,60907.0,198.0
2023-07-01,5392.0,199.0
2023-07-02,5392.0,199.0
2023-07-03,5392.0,199.0
2023-07-04,5392.0,199.0
2023-07-05,5392.0,199.0
2023-07-06,5392.0,199.0
2023-07-07,5392.0,199.0
2023-07-08,5392.0,199.0
2023-07-09,5392.0,199.0
2023-07-10,5392.0,199.0
2023-07-11,5392.0,199.0
2023-07-12,5392.0,199.0
2023-07-13,5392.0,199.0
2023-07-14,5392.0,199.0
2023-07-15,5392.0,199.0
2023-07-16,5392.0,199.0
2023-07-17,5392.0,199.0
2023-07-18,5392.0,199.0
2023-07-19,5392.0,199.0
2023-07-20,5392.0,199.0
2023-07-21,5392.0,199.0
2023-07-22,5392.0,199.0
2023-07-23,5392.0,199.0
2023-07-24,5392.0,199.0
2023-07-25,5392.0,199.0
2023-07-26,5392.0,199.0
2023-07-27,5392.0,199.0
2023-07-28,60907.0,200.0
2023-07-29,60907.0,200.0
2023-07-30,60907.0,200.0
2023-07-31,60907.0,200.0
2023-08-01,5392.0,201.0
2023-08-02,5392.0,201.0
2023-08-03,5392.0,201.0
2023-08-04,5392.0,201.0
2023-08-05,5392.0,201.0
2023-08-06,5392.0,201.0
2023-08-07,5392.0,201.0
2023-08-08,5392.0,201.0
2023-08-09,5392.0,201.0
2023-08-10,5392.0,201.0
2023-08-11,5392.0,201.0
2023-08-12,5392.0,201.0
2023-08-13,5392.0,201.0
2023-08-14,5392.0,201.0
2023-08-15,5392.0,201.0
2023-08-16,5392.0,201.0
2023-08-17,5392.0,201.0
2023-08-18,5392.0,201.0
2023-08-19,5392.0,201.0
2023-08-20,5392.0,201.0
2023-08-21,5392.0,201.0
2023-08-22,5392.0,201.0
2023-08-23,5392.0,201.0
2023-08-24,5392.0,201.0
2023-08-25,5392.0,201.0
2023-08-26,5392.0,201.0
2023-08-27,5392.0,201.0
2023-08-28,60907.0,202.0
2023-08-29,60907.0,202.0
2023-08-30,60907.0,202.0
2023-08-31,60907.0,202.0
2023-09-01,5392.0,203.0
2023-09-02,5392.0,203.0
2023-09-03,5392.0,203.0
2023-09-04,5392.0,203.0
2023-09-05,5392.0,203.0
2023-09-06,5392.0,203.0
2023-09-07,5392.0,203.0
2023-09-08,5392.0,203.0
2023-09-09,5392.0,203.0
2023-09-10,5392.0,203.0
2023-09-11,5392.0,203.0
2023-09-12,5392.0,203.0
2023-09-13,5392.0,203.0
2023-09-14,5392.0,203.0
2023-09-15,5392.0,203.0
2023-09-16,5392.0,203.0
2023-09-17,5392.0,203.0
2023-09-18,5392.0,203.0
2023-09-19,5392.0,203.0
2023-09-20,5392.0,203.0
2023-09-21,5392.0,203.0
2023-09-22,5392.0,203.0
2023-09-23,5392.0,203.0
2023-09-24,5392.0,203.0
2023-09-25,5474.0,204.0
2023-09-26,5474.0,204.0
2023-09-27,5474.0,204.0
2023-09-28,60989.0,205.0
2023-09-29,60989.0,205.0
2023-09-30,60989.0,205.0
2023-10-01,5474.0,206.0
2023-10-02,5474.0,206.0
2023-10-03,5474.0,206.0
2023-10-04,5474.0,206.0
2023-10-05,5474.0,206.0
2023-10-06,5474.0,206.0
2023-10-07,5474.0,206.0
2023-10-08,5474.0,206.0
2023-10-09,5474.0,206.0
2023-10-10,5474.0,206.0
2023-10-11,5474.0,206.0
2023-10-12,5474.0,206.0
2023-10-13,5474.0,206.0
2023-10-14,5474.0,206.0
2023-10-15,5474.0,206.0
2023-10-16,5474.0,206.0
2023-10-17,5474.0,206.0
2023-10-18,5474.0,206.0
2023-10-19,5474.0,206.0
2023-10-20,5474.0,206.0
2023-10-21,5474.0,206.0
2023-10-22,5474.0,206.0
2023-10-23,5474.0,206.0
2023-10-24,5474.0,206.0
2023-10-25,5474.0,206.0
2023-10-26,5474.0,206.0
2023-10-27,5474.0,206.0
2023-10-28,60989.0,207.0
2023-10-29,60989.0,207.0
2023-10-30,60989.0,207.0
2023-10-31,60989.0,207.0
2023-11-01,5474.0,208.0
2023-11-02,5474.0,208.0
2023-11-03,5474.0,208.0
2023-11-04,5474.0,208.0
2023-11-05,5474.0,208.0
2023-11-06,5474.0,208.0
2023-11-07,5474.0,208.0
2023-11-08,5474.0,208.0
2023-11-09,5474.0,208.0
2023-11-10,5474.0,208.0
2023-11-11,5474.0,208.0
2023-11-12,5474.0,208.0
2023-11-13,5474.0,208.0
2023-11-14,5474.0,208.0
2023-11-15,5474.0,208.0
2023-11-16,5474.0,208.0
2023-11-17,5474.0,208.0
2023-11-18,5474.0,208.0
2023-11-19,5474.0,208.0
2023-11-20,5474.0,208.0
2023-11-21,5474.0,208.0
2023-11-22,5474.0,208.0
2023-11-23,5474.0,208.0
2023-11-24,5474.0,208.0
2023-11-25,5474.0,208.0
2023-11-26,5474.0,208.0
2023-11-27,5474.0,208.0
2023-11-28,60989.0,209.0
2023-11-29,60989.0,209.0
2023-11-30,60989.0,209.0
2023-12-01,5474.0,210.0
2023-12-02,5474.0,210.0
2023-12-03,5474.0,210.0
2023-12-04,5474.0,210.0
2023-12-05,5474.0,210.0
2023-12-06,5474.0,210.0
2023-12-07,5474.0,210.0
2023-12-08,5474.0,210.0
2023-12-09,5474.0,210.0
2023-12-10,5474.0,210.0
2023-12-11,5474.0,210.0
2023-12-12,5474.0,210.0
2023-12-13,5474.0,210.0
2023-12-14,5474.0,210.0
2023-12-15,5474.0,210.0
2023-12-16,5474.0,210.0
2023-12-17,5474.0,210.0
2023-12-18,5474.0,210.0
2023-12-19,5474.0,210.0
2023-12-20,5474.0,210.0
2023-12-21,5474.0,210.0
2023-12-22,5474.0,210.0
2023-12-23,5474.0,210.0
2023-12-24,5474.0,210.0
2023-12-25,5552.0,211.0
2023-12-26,5552.0,211.0
2023-12-27,5552.0,211.0
2023-12-28,61067.0,212.0
2023-12-29,61067.0,212.0
2023-12-30,61067.0,212.0
2023-12-31,61067.0,212.0
2024-01-01,5552.0,213.0
2024-01-02,5552.0,213.0
2024-01-03,5552.0,213.0
2024-01-04,5552.0,213.0
2024-01-05,5552.0,213.0
2024-01-06,5552.0,213.0
2024-01-07,5552.0,213.0
2024-01-08,5552.0,213.0
2024-01-09,5552.0,213.0
2024-01-10,5552.0,213.0
2024-01-11,5552.0,213.0
2024-01-12,5552.0,213.0
2024-01-13,5552.0,213.0
2024-01-14,5552.0,213.0
2024-01-15,5552.0,213.0
2024-01-16,5552.0,213.0
2024-01-17,5552.0,213.0
2024-01-18,5552.0,213.0
2024-01-19,5552.0,213.0
2024-01-20,5552.0,213.0
2024-01-21,5552.0,213.0
2024-01-22,5552.0,213.0
2024-01-23,5552.0,213.0
2024-01-24,5552.0,213.0
2024-01-25,5552.0,213.0
2024-01-26,5552.0,213.0
2024-01-27,5552.0,213.0
2024-01-28,61067.0,214.0
2024-01-29,61067.0,214.0
2024-01-30,61067.0,214.0
2024-01-31,61067.0,214.0
2024-02-01,5552.0,215.0
2024-02-02,5552.0,215.0
2024-02-03,5552.0,215.0
2024-02-04,5552.0,215.0
2024-02-05,5552.0,215.0
2024-02-06,5552.0,215.0
2024-02-07,5552.0,215.0
2024-02-08,5552.0,215.0
2024-02-09,5552.0,215.0
2024-02-10,5552.0,215.0
2024-02-11,5552.0,215.0
2024-02-12,5552.0,215.0
2024-02-13,5552.0,215.0
2024-02-14,5552.0,215.0
2024-02-15,5552.0,215.0
2024-02-16,5552.0,215.0
2024-02-17,5404.5,216.0
2024-02-18,5404.5,216.0
2024-02-19,5404.5,216.0
2024-02-20,5404.5,216.0
2024-02-21,5404.5,216.0
2024-02-22,5404.5,216.0
2024-02-23,5404.5,216.0
2024-02-24,5404.5,216.0
2024-02-25,5404.5,216.0
2024-02-26,5404.5,218.0
2024-02-27,5404.5,218.0
2024-02-28,60919.5,219.0
2024-02-29,60919.5,219.0
2024-03-01,5404.5,220.0
2024-03-02,5404.5,220.0
2024-03-03,5404.5,220.0
2024-03-04,5404.5,220.0
2024-03-05,5404.5,220.0
2024-03-06,5404.5,220.0
2024-03-07,5404.5,220.0
2024-03-08,5404.5,220.0
2024-03-09,5404.5,220.0
2024-03-10,5404.5,220.0
2024-03-11,5404.5,220.0
2024-03-12,5404.5,220.0
2024-03-13,5404.5,220.0
2024-03-14,5404.5,220.0
2024-03-15,5404.5,220.0
2024-03-16,5404.5,220.0
2024-03-17,5404.5,220.0
2024-03-18,5404.5,220.0
2024-03-19,5404.5,220.0
2024-03-20,5404.5,220.0
2024-03-21,5404.5,220.0
2024-03-22,5404.5,220.0
2024-03-23,5404.5,220.0
2024-03-24,5404.5,220.0
2024-03-25,5482.5,221.0
2024-03-26,5482.5,221.0
2024-03-27,5482.5,221.0
2024-03-28,60997.5,222.0
2024-03-29,60997.5,222.0
2024-03-30,60997.5,222.0
2024-03-31,60997.5,222.0
2024-04-01,997.5,223.0
2024-04-02,997.5,223.0
2024-04-03,997.5,223.0
2024-04-04,997.5,223.0
2024-04-05,997.5,223.0
2024-04-06,997.5,223.0
2024-04-07,997.5,223.0
2024-04-08,997.5,223.0
2024-04-09,997.5,223.0
2024-04-10,997.5,223.0
2024-04-11,997.5,223.0
2024-04-12,997.5,223.0
2024-04-13,997.5,223.0
2024-04-14,997.5,223.0
2024-04-15,997.5,223.0
2024-04-16,997.5,223.0
2024-04-17,997.5,223.0
2024-04-18,997.5,223.0
2024-04-19,997.5,223.0
2024-04-20,997.5,223.0
2024-04-21,997.5,223.0
2024-04-22,997.5,223.0
2024-04-23,997.5,223.0
2024-04-24,997.5,223.0
2024-04-25,997.5,223.0
2024-04-26,997.5,223.0
2024-04-27,997.5,223.0
2024-04-28,60997.5,224.0
2024-04-29,60997.5,224.0
2024-04-30,60997.5,224.0
2024-05-01,997.5,225.0
2024-05-02,997.5,225.0
2024-05-03,997.5,225.0
2024-05-04,996.65,227.0
2024-05-05,996.65,227.0
2024-05-06,996.65,227.0
2024-05-07,996.65,227.0
2024-05-08,996.65,227.0
2024-05-09,996.65,227.0
2024-05-10,996.65,227.0
2024-05-11,996.65,227.0
2024-05-12,996.65,227.0
2024-05-13,996.65,227.0
2024-05-14,996.65,227.0
2024-05-15,996.65,227.0
2024-05-16,996.65,227.0
2024-05-17,996.65,227.0
2024-05-18,996.65,227.0
2024-05-19,996.65,227.0
2024-05-20,996.65,227.0
2024-05-21,996.65,227.0
2024-05-22,996.65,227.0
2024-05-23,996.65,227.0
2024-05-24,996.65,227.0
2024-05-25,996.65,227.0
2024-05-26,996.65,227.0
2024-05-27,996.65,227.0
2024-05-28,60996.65,228.0
2024-05-29,60996.65,228.0
2024-05-30,60996.65,228.0
2024-05-31,60996.65,228.0
2024-06-01,996.65,229.0
2024-06-02,996.65,229.0
2024-06-03,996.65,229.0
2024-06-04,996.65,229.0
2024-06-05,996.65,229.0
2024-06-06,996.65,229.0
2024-06-07,996.65,229.0
2024-06-08,996.65,229.0
2024-06-09,996.65,229.0
2024-06-10,996.65,229.0
2024-06-11,996.65,229.0
2024-06-12,996.65,229.0
2024-06-13,996.65,229.0
2024-06-14,996.65,229.0
2024-06-15,996.65,229.0
2024-06-16,996.65,229.0
2024-06-17,996.65,229.0
2024-06-18,996.65,229.0
2024-06-19,996.65,229.0
2024-06-20,996.65,229.0
2024-06-21,996.65,229.0
2024-06-22,996.65,229.0
2024-06-23,996.65,229.0
2024-06-24,996.65,229.0
2024-06-25,1052.65,230.0
2024-06-26,1052.65,230.0
2024-06-27,1052.65,230.0
2024-06-28,61052.65,231.0
2024-06-29,61052.65,231.0
2024-06-30,61052.65,231.0
2024-07-01,1052.65,232.0
2024-07-02,1052.65,232.0
2024-07-03,1052.65,232.0
2024-07-04,1052.65,232.0
2024-07-05,1052.65,232.0
2024-07-06,1052.65,232.0
2024-07-07,1052.65,232.0
2024-07-08,1052.65,232.0
2024-07-09,1052.65,232.0
2024-07-10,1052.65,232.0
2024-07-11,1052.65,232.0
2024-07-12,1052.65,232.0
2024-07-13,1052.65,232.0
2024-07-14,1052.65,232.0
2024-07-15,1052.65,232.0
2024-07-16,1052.65,232.0
2024-07-17,1052.65,232.0
2024-07-18,1052.65,232.0
2024-07-19,1052.65,232.0
2024-07-20,1052.65,232.0
2024-07-21,1052.65,232.0
2024-07-22,1052.65,232.0
2024-07-23,1052.65,232.0
2024-07-24,1052.65,232.0
2024-07-25,1052.65,232.0
2024-07-26,1052.65,232.0
2024-07-27,1052.65,232.0
2024-07-28,61052.65,233.0
2024-07-29,61052.65,233.0
2024-07-30,61052.65,233.0
2024-07-31,61052.65,233.0
2024-08-01,1052.65,234.0
2024-08-02,1052.65,234.0
2024-08-03,1052.65,234.0
2024-08-04,1052.65,234.0
2024-08-05,1052.65,234.0
2024-08-06,1052.65,234.0
2024-08-07,1052.65,234.0
2024-08-08,1052.65,234.0
2024-08-09,1052.65,234.0
2024-08-10,1052.65,234.0
2024-08-11,1052.65,234.0
2024-08-12,1052.65,234.0
2024-08-13,1052.65,234.0
2024-08-14,1052.65,234.0
2024-08-15,1052.65,234.0
2024-08-16,1052.65,234.0
2024-08-17,1052.65,234.0
2024-08-18,1052.65,234.0
2024-08-19,1052.65,234.0
2024-08-20,1052.65,234.0
2024-08-21,1052.65,234.0
2024-08-22,1052.65,234.0
2024-08-23,1052.65,234.0
2024-08-24,1052.65,234.0
2024-08-25,1052.65,234.0
2024-08-26,1052.65,234.0
2024-08-27,1052.65,234.0
2024-08-28,61652.65,242.0
2024-08-29,61052.65,243.0
2024-08-30,61052.65,243.0
2024-08-31,61052.65,243.0
2024-09-01,1052.65,244.0
2024-09-02,1052.65,244.0
2024-09-03,1052.65,244.0
2024-09-04,1052.65,244.0
2024-09-05,1052.65,244.0
2024-09-06,1052.65,244.0
2024-09-07,1052.65,244.0
2024-09-08,1052.65,244.0
2024-09-09,1052.65,244.0
2024-09-10,1052.65,244.0
2024-09-11,1052.65,244.0
2024-09-12,1052.65,244.0
2024-09-13,1052.65,244.0
2024-09-14,1052.65,244.0
2024-09-15,1052.65,244.0
2024-09-16,1052.65,244.0
2024-09-17,1052.65,244.0
2024-09-18,1052.65,244.0
2024-09-19,1052.65,244.0
2024-09-20,1052.65,244.0
2024-09-21,1052.65,244.0
2024-09-22,1052.65,244.0
2024-09-23,1052.65,244.0
2024-09-24,1052.65,244.0
2024-09-25,1108.65,245.0
2024-09-26,1108.65,245.0
2024-09-27,1108.65,245.0
2024-09-28,61108.65,246.0
2024-09-29,61108.65,246.0
2024-09-30,61108.65,246.0
2024-10-01,1108.65,247.0
2024-10-02,1108.65,247.0
2024-10-03,1108.65,247.0
2024-10-04,1108.65,247.0
2024-10-05,1108.65,247.0
2024-10-06,1108.65,247.0
2024-10-07,1108.65,247.0
2024-10-08,1108.65,247.0
2024-10-09,1108.65,247.0
2024-10-10,1108.65,247.0
2024-10-11,1108.65,247.0
2024-10-12,1108.65,247.0
2024-10-13,1108.65,247.0
2024-10-14,1108.65,247.0
2024-10-15,1108.65,247.0
2024-10-16,1108.65,247.0
2024-10-17,1108.65,247.0
2024-10-18,1108.65,247.0
2024-10-19,1108.65,247.0
2024-10-20,1108.65,247.0
2024-10-21,1108.65,247.0
2024-10-22,1108.65,247.0
2024-10-23,1108.65,247.0
2024-10-24,1108.65,247.0
2024-10-25,1108.65,247.0
2024-10-26,1108.65,247.0
2024-10-27,1108.65,247.0
2024-10-28,61108.65,248.0
2024-10-29,61108.65,248.0
2024-10-30,61108.65,250.0
2024-10-31,61108.65,250.0
2024-11-01,1108.65,251.0
2024-11-02,1108.65,251.0
2024-11-03,1108.65,251.0
2024-11-04,1108.65,251.0
2024-11-05,1108.65,251.0
2024-11-06,1108.65,251.0
2024-11-07,1108.65,251.0
2024-11-08,1108.65,251.0
2024-11-09,1108.65,251.0
2024-11-10,1108.65,251.0
2024-11-11,1108.65,251.0
2024-11-12,1108.65,251.0
2024-11-13,1108.65,251.0
2024-11-14,1108.65,251.0
2024-11-15,1108.65,251.0
2024-11-16,1108.65,251.0
2024-11-17,1108.65,251.0
2024-11-18,1108.65,251.0
2024-11-19,1108.65,251.0
2024-11-20,1108.65,251.0
2024-11-21,1108.65,251.0
2024-11-22,1108.65,251.0
2024-11-23,1108.65,251.0
2024-11-24,1108.65,251.0
2024-11-25,1108.65,251.0
2024-11-26,1108.65,251.0
2024-11-27,1108.65,251.0
2024-11-28,61108.65,252.0
2024-11-29,61108.65,252.0
2024-11-30,61108.65,252.0
2024-12-01,1108.65,253.0
2024-12-02,1108.65,253.0
2024-12-03,1108.65,253.0
2024-12-04,1108.65,253.0
2024-12-05,1108.65,253.0
2024-12-06,1108.65,253.0
2024-12-07,1108.65,253.0
2024-12-08,1108.65,253.0
2024-12-09,1108.65,253.0
2024-12-10,1108.65,253.0
2024-12-11,1108.65,253.0
2024-12-12,1108.65,253.0
2024-12-13,1108.65,253.0
2024-12-14,1108.65,253.0
2024-12-15,1108.65,253.0
2024-12-16,1108.65,253.0
2024-12-17,1108.65,253.0
2024-12-18,1108.65,253.0
2024-12-19,1108.65,253.0
2024-12-20,1108.65,253.0
2024-12-21,1108.65,253.0
2024-12-22,1108.65,253.0
2024-12-23,1108.65,253.0
2024-12-24,1108.65,253.0
2024-12-25,1160.65,254.0
2024-12-26,1160.65,254.0
2024-12-27,1160.65,254.0
2024-12-28,61160.65,255.0
2024-12-29,61160.65,255.0
2024-12-30,61160.65,255.0
2024-12-31,61160.65,255.0
2025-01-01,1160.65,256.0
2025-01-02,1160.65,256.0
2025-01-03,1160.65,256.0
2025-01-04,1160.65,256.0
2025-01-05,1160.65,256.0
2025-01-06,1160.65,256.0
2025-01-07,1160.65,256.0
2025-01-08,1160.65,256.0
2025-01-09,1160.65,256.0
2025-01-10,1160.65,256.0
2025-01-11,1160.65,256.0
2025-01-12,1160.65,256.0
2025-01-13,1160.65,256.0
2025-01-14,1160.65,256.0
2025-01-15,1160.65,256.0
2025-01-16,1160.65,256.0
2025-01-17,1160.65,256.0
2025-01-18,1160.65,256.0
2025-01-19,1160.65,256.0
2025-01-20,1160.65,256.0
2025-01-21,1160.65,256.0
2025-01-22,1160.65,256.0
2025-01-23,1160.65,256.0
2025-01-24,1160.65,256.0
2025-01-25,1160.65,256.0
2025-01-26,1160.65,256.0
2025-01-27,1160.65,256.0
2025-01-28,61160.65,257.0
2025-01-29,61160.65,257.0
2025-01-30,61160.65,257.0
2025-01-31,61160.65,257.0
2025-02-01,61160.65,257.0
2025-02-02,61160.65,257.0
2025-02-03,61160.65,257.0
2025-02-04,1160.65,258.0
2025-02-05,1160.65,258.0
2025-02-06,1160.65,258.0
2025-02-07,1160.65,258.0
2025-02-08,1160.65,258.0
2025-02-09,1160.65,258.0
2025-02-10,1160.65,258.0
2025-02-11,1160.65,258.0
2025-02-12,1160.65,258.0
2025-02-13,1160.65,258.0
2025-02-14,1160.65,258.0
2025-02-15,1160.65,258.0
2025-02-16,1160.65,258.0
2025-02-17,1160.65,258.0
2025-02-18,1160.65,258.0
2025-02-19,1160.65,258.0
2025-02-20,1160.65,258.0
2025-02-21,1160.65,258.0
2025-02-22,1160.65,258.0
2025-02-23,1160.65,258.0
2025-02-24,1160.65,258.0
2025-02-25,1160.65,258.0
2025-02-26,1160.65,258.0
2025-02-27,1160.65,258.0
2025-02-28,61160.65,259.0
2025-03-01,1160.65,260.0
2025-03-02,1160.65,260.0
2025-03-03,1160.65,260.0
2025-03-04,1160.65,260.0
2025-03-05,1160.65,260.0
2025-03-06,1160.65,260.0
2025-03-07,1160.65,260.0
2025-03-08,1160.65,260.0
2025-03-09,1160.65,260.0
2025-03-10,1160.65,260.0
2025-03-11,1160.65,260.0
2025-03-12,1160.65,260.0
2025-03-13,1160.65,260.0
2025-03-14,1160.65,260.0
2025-03-15,1160.65,260.0
2025-03-16,1160.65,260.0
2025-03-17,1160.65,260.0
2025-03-18,1160.65,260.0
2025-03-19,1160.65,260.0
2025-03-20,1160.65,260.0
2025-03-21,1160.65,260.0
2025-03-22,1160.65,260.0
2025-03-23,1160.65,260.0
2025-03-24,1160.65,260.0
2025-03-25,1221.65,261.0
2025-03-26,1221.65,261.0
2025-03-27,1221.65,261.0
2025-03-28,61221.65,262.0
2025-03-29,61221.65,262.0
2025-03-30,61221.65,262.0
2025-03-31,61221.65,262.0
2025-04-01,1221.65,263.0
2025-04-02,1221.65,263.0
2025-04-03,1221.65,263.0
2025-04-04,1221.65,263.0
2025-04-05,1221.65,263.0
2025-04-06,1221.65,263.0
2025-04-07,1221.65,263.0
2025-04-08,1221.65,263.0
2025-04-09,1221.65,263.0
2025-04-10,1221.65,263.0
2025-04-11,1221.65,263.0
2025-04-12,1221.65,263.0
2025-04-13,1221.65,263.0
2025-04-14,1221.65,263.0
2025-04-15,1221.65,263.0
2025-04-16,1221.65,263.0
2025-04-17,1221.65,263.0
2025-04-18,1221.65,263.0
2025-04-19,1221.65,263.0
2025-04-20,1221.65,263.0
2025-04-21,1221.65,263.0
2025-04-22,1221.65,263.0
2025-04-23,1221.65,263.0
2025-04-24,1221.65,263.0
2025-04-25,1221.65,263.0
2025-04-26,1221.65,263.0
2025-04-27,1221.65,263.0
2025-04-28,61221.65,264.0
2025-04-29,61221.65,264.0
2025-04-30,61221.65,264.0
2025-05-01,1221.65,265.0
2025-05-02,1221.65,265.0
2025-05-03,1221.65,265.0
2025-05-04,1221.65,265.0
2025-05-05,1221.65,265.0
2025-05-06,1221.65,265.0
2025-05-07,1221.65,265.0
2025-05-08,1221.65,265.0
2025-05-09,1221.65,265.0
2025-05-10,1221.65,265.0
2025-05-11,1221.65,265.0
2025-05-12,1221.65,265.0
2025-05-13,1221.65,265.0
2025-05-14,1221.65,265.0
2025-05-15,1221.65,265.0
2025-05-16,1221.65,265.0
2025-05-17,1221.65,265.0
2025-05-18,1221.65,265.0
2025-05-19,1221.65,265.0
2025-05-20,1221.65,265.0
2025-05-21,1221.65,265.0
2025-05-22,1221.65,265.0
2025-05-23,1221.65,265.0
2025-05-24,1221.65,265.0
2025-05-25,1221.65,265.0
2025-05-26,1221.65,265.0
2025-05-27,1221.65,265.0
2025-05-28,61221.65,266.0
2025-05-29,61221.65,266.0
2025-05-30,61221.65,266.0
2025-05-31,61221.65,266.0
2025-06-01,1221.65,267.0
