Transaction Date,Closing Balance
2015-02-04,110044.0
2015-02-05,285044.0
2015-02-06,285044.0
2015-02-07,460044.0
2015-02-08,460044.0
2015-02-09,460044.0
2015-02-10,460044.0
2015-02-11,460044.0
2015-02-12,460044.0
2015-02-13,460044.0
2015-02-14,460044.0
2015-02-15,460044.0
2015-02-16,460044.0
2015-02-17,460044.0
2015-02-18,460044.0
2015-02-19,460044.0
2015-02-20,460044.0
2015-02-21,460044.0
2015-02-22,460044.0
2015-02-23,650044.0
2015-02-24,650044.0
2015-02-25,650044.0
2015-02-26,650044.0
2015-02-27,650044.0
2015-02-28,650044.0
2015-03-01,650044.0
2015-03-02,825044.0
2015-03-03,825044.0
2015-03-04,825044.0
2015-03-05,825044.0
2015-03-06,825044.0
2015-03-07,825044.0
2015-03-08,825044.0
2015-03-09,825044.0
2015-03-10,1015044.0
2015-03-11,1015044.0
2015-03-12,1015044.0
2015-03-13,1015044.0
2015-03-14,1015044.0
2015-03-15,1015044.0
2015-03-16,1015044.0
2015-03-17,1015044.0
2015-03-18,1015044.0
2015-03-19,1015044.0
2015-03-20,1015044.0
2015-03-21,1015044.0
2015-03-22,1015044.0
2015-03-23,1015044.0
2015-03-24,1015044.0
2015-03-25,1015044.0
2015-03-26,1015044.0
2015-03-27,1015044.0
2015-03-28,1015044.0
2015-03-29,1015044.0
2015-03-30,1015044.0
2015-03-31,1022082.0
2015-04-01,1022082.0
2015-04-02,1022082.0
2015-04-03,1022082.0
2015-04-04,1122082.0
2015-04-05,1122082.0
2015-04-06,1122082.0
2015-04-07,1122082.0
2015-04-08,1122082.0
2015-04-09,1297082.0
2015-04-10,1297082.0
2015-04-11,1297082.0
2015-04-12,1297082.0
2015-04-13,1349082.0
2015-04-14,1349082.0
2015-04-15,1349082.0
2015-04-16,1349082.0
2015-04-17,1349082.0
2015-04-18,1349082.0
2015-04-19,1349082.0
2015-04-20,1349082.0
2015-04-21,1349082.0
2015-04-22,1349082.0
2015-04-23,1349082.0
2015-04-24,1349082.0
2015-04-25,1349082.0
2015-04-26,1349082.0
2015-04-27,1349082.0
2015-04-28,1349082.0
2015-04-29,1349082.0
2015-04-30,1349082.0
2015-05-01,1349082.0
2015-05-02,1349082.0
2015-05-03,1349082.0
2015-05-04,1369082.0
2015-05-05,1369082.0
2015-05-06,1369082.0
2015-05-07,1369082.0
2015-05-08,1369082.0
2015-05-09,1369082.0
2015-05-10,1369082.0
2015-05-11,1369082.0
2015-05-12,1369082.0
2015-05-13,1369082.0
2015-05-14,1369082.0
2015-05-15,1369082.0
2015-05-16,1369082.0
2015-05-17,1369082.0
2015-05-18,1369082.0
2015-05-19,1369082.0
2015-05-20,1369082.0
2015-05-21,1369082.0
2015-05-22,1369082.0
2015-05-23,1369082.0
2015-05-24,1369082.0
2015-05-25,1369082.0
2015-05-26,1369082.0
2015-05-27,1369082.0
2015-05-28,1369082.0
2015-05-29,1369082.0
2015-05-30,1369082.0
2015-05-31,1369082.0
2015-06-01,1448426.0
2015-06-02,1448426.0
2015-06-03,1448426.0
2015-06-04,1448426.0
2015-06-05,1448426.0
2015-06-06,1448426.0
2015-06-07,1448426.0
2015-06-08,1448426.0
2015-06-09,1448426.0
2015-06-10,1448426.0
2015-06-11,1448426.0
2015-06-12,1448426.0
2015-06-13,1448426.0
2015-06-14,1448426.0
2015-06-15,1448426.0
2015-06-16,1448426.0
2015-06-17,1448426.0
2015-06-18,1448426.0
2015-06-19,1448426.0
2015-06-20,1448426.0
2015-06-21,1448426.0
2015-06-22,1448426.0
2015-06-23,1448426.0
2015-06-24,1448426.0
2015-06-25,1448426.0
2015-06-26,1448426.0
2015-06-27,1448426.0
2015-06-28,1448426.0
2015-06-29,1448426.0
2015-06-30,1448426.0
2015-07-01,1448426.0
2015-07-02,1448426.0
2015-07-03,1448426.0
2015-07-04,1488426.0
2015-07-05,1488426.0
2015-07-06,1488426.0
2015-07-07,1488426.0
2015-07-08,1488426.0
2015-07-09,1488426.0
2015-07-10,1488426.0
2015-07-11,1488426.0
2015-07-12,1488426.0
2015-07-13,1488426.0
2015-07-14,1488426.0
2015-07-15,1488426.0
2015-07-16,1488426.0
2015-07-17,1488426.0
2015-07-18,1488426.0
2015-07-19,1488426.0
2015-07-20,1488426.0
2015-07-21,1488426.0
2015-07-22,1488426.0
2015-07-23,1488426.0
2015-07-24,1488426.0
2015-07-25,1488426.0
2015-07-26,1488426.0
2015-07-27,1488426.0
2015-07-28,1488426.0
2015-07-29,1488426.0
2015-07-30,1488426.0
2015-07-31,1488426.0
2015-08-01,1638426.0
2015-08-02,1638426.0
2015-08-03,1638426.0
2015-08-04,1638426.0
2015-08-05,1638426.0
2015-08-06,1638426.0
2015-08-07,1638426.0
2015-08-08,1638426.0
2015-08-09,1638426.0
2015-08-10,1638426.0
2015-08-11,1638426.0
2015-08-12,1638426.0
2015-08-13,1638426.0
2015-08-14,1638426.0
2015-08-15,1638426.0
2015-08-16,1638426.0
2015-08-17,1638426.0
2015-08-18,1638426.0
2015-08-19,1638426.0
2015-08-20,1638426.0
2015-08-21,1638426.0
2015-08-22,1638426.0
2015-08-23,1638426.0
2015-08-24,1638426.0
2015-08-25,1638426.0
2015-08-26,1638426.0
2015-08-27,1638426.0
2015-08-28,1638426.0
2015-08-29,1638426.0
2015-08-30,1638426.0
2015-08-31,1638426.0
2015-09-01,1638426.0
2015-09-02,1877201.0
2015-09-03,1877201.0
2015-09-04,1877201.0
2015-09-05,1877201.0
2015-09-06,1877201.0
2015-09-07,1877201.0
2015-09-08,1877201.0
2015-09-09,1877201.0
2015-09-10,1877201.0
2015-09-11,1877201.0
2015-09-12,1877201.0
2015-09-13,1877201.0
2015-09-14,1877201.0
2015-09-15,1877201.0
2015-09-16,1877201.0
2015-09-17,1877201.0
2015-09-18,1877201.0
2015-09-19,1877201.0
2015-09-20,1877201.0
2015-09-21,1877201.0
2015-09-22,1877201.0
2015-09-23,1877201.0
2015-09-24,1877201.0
2015-09-25,1877201.0
2015-09-26,1877201.0
2015-09-27,1877201.0
2015-09-28,1877201.0
2015-09-29,1877201.0
2015-09-30,1926745.0
2015-10-01,1987520.0
2015-10-02,1987520.0
2015-10-03,1987520.0
2015-10-04,1987520.0
2015-10-05,1987520.0
2015-10-06,1987520.0
2015-10-07,1987520.0
2015-10-08,1987520.0
2015-10-09,1987520.0
2015-10-10,1987520.0
2015-10-11,1987520.0
2015-10-12,1987520.0
2015-10-13,2004820.0
2015-10-14,2004820.0
2015-10-15,2004820.0
2015-10-16,2004820.0
2015-10-17,2008046.95
2015-10-18,2008046.95
2015-10-19,2008046.95
2015-10-20,2008046.95
2015-10-21,2008046.95
2015-10-22,2008046.95
2015-10-23,2008046.95
2015-10-24,2008046.95
2015-10-25,2008046.95
2015-10-26,2008046.95
2015-10-27,2008046.95
2015-10-28,2008046.95
2015-10-29,2008046.95
2015-10-30,2008046.95
2015-10-31,2069356.43
2015-11-01,2069356.43
2015-11-02,2069356.43
2015-11-03,2069356.43
2015-11-04,2069356.43
2015-11-05,2069356.43
2015-11-06,2069356.43
2015-11-07,2069356.43
2015-11-08,2069356.43
2015-11-09,2069356.43
2015-11-10,2069356.43
2015-11-11,2069356.43
2015-11-12,2069356.43
2015-11-13,2069356.43
2015-11-14,2069356.43
2015-11-15,2069356.43
2015-11-16,2069356.43
2015-11-17,2069356.43
2015-11-18,2069356.43
2015-11-19,2069356.43
2015-11-20,2069356.43
2015-11-21,2069356.43
2015-11-22,2069356.43
2015-11-23,2069356.43
2015-11-24,2069356.43
2015-11-25,2069356.43
2015-11-26,2069356.43
2015-11-27,2069356.43
2015-11-28,2069356.43
2015-11-29,2069356.43
2015-11-30,2069356.43
2015-12-01,2116061.93
2015-12-02,2116061.93
2015-12-03,2116061.93
2015-12-04,2116061.93
2015-12-05,2116061.93
2015-12-06,2116061.93
2015-12-07,2116061.93
2015-12-08,2116061.93
2015-12-09,2116061.93
2015-12-10,2116061.93
2015-12-11,2116061.93
2015-12-12,2116061.93
2015-12-13,2116061.93
2015-12-14,2116061.93
2015-12-15,2116061.93
2015-12-16,2116061.93
2015-12-17,2116061.93
2015-12-18,2116061.93
2015-12-19,2116061.93
2015-12-20,2116061.93
2015-12-21,2116061.93
2015-12-22,2116061.93
2015-12-23,2116061.93
2015-12-24,2116061.93
2015-12-25,2116061.93
2015-12-26,2116061.93
2015-12-27,2116061.93
2015-12-28,2116061.93
2015-12-29,2116061.93
2015-12-30,2116061.93
2015-12-31,2116061.93
2016-01-01,2116061.93
2016-01-02,2116061.93
2016-01-03,2116061.93
2016-01-04,2116061.93
2016-01-05,2116061.93
2016-01-06,2116061.93
2016-01-07,2116061.93
2016-01-08,2116061.93
2016-01-09,2116061.93
2016-01-10,2116061.93
2016-01-11,2116061.93
2016-01-12,2116061.93
2016-01-13,2116061.93
2016-01-14,2116061.93
2016-01-15,2116061.93
2016-01-16,2116061.93
2016-01-17,2116061.93
2016-01-18,2116061.93
2016-01-19,2116061.93
2016-01-20,2116061.93
2016-01-21,2116061.93
2016-01-22,2116061.93
2016-01-23,2116061.93
2016-01-24,2116061.93
2016-01-25,2116061.93
2016-01-26,2116061.93
2016-01-27,2116061.93
2016-01-28,2116061.93
2016-01-29,2116061.93
2016-01-30,2116061.93
2016-01-31,2116061.93
2016-02-01,2116061.93
2016-02-02,2120994.01
2016-02-03,2120994.01
2016-02-04,2120994.01
2016-02-05,2120994.01
2016-02-06,2120994.01
2016-02-07,2120994.01
2016-02-08,2120994.01
2016-02-09,2120994.01
2016-02-10,2120994.01
2016-02-11,2120994.01
2016-02-12,2120994.01
2016-02-13,2120994.01
2016-02-14,2120994.01
2016-02-15,2120994.01
2016-02-16,2120994.01
2016-02-17,2120994.01
2016-02-18,2120994.01
2016-02-19,2120994.01
2016-02-20,2120994.01
2016-02-21,2120994.01
2016-02-22,2120994.01
2016-02-23,2120994.01
2016-02-24,2120994.01
2016-02-25,2120994.01
2016-02-26,2120994.01
2016-02-27,2120994.01
2016-02-28,2120994.01
2016-02-29,2120994.01
2016-03-01,2183681.31
2016-03-02,2183681.31
2016-03-03,2183681.31
2016-03-04,2183681.31
2016-03-05,2183681.31
2016-03-06,2183681.31
2016-03-07,2183681.31
2016-03-08,2183681.31
2016-03-09,2183681.31
2016-03-10,2183681.31
2016-03-11,2183681.31
2016-03-12,2183681.31
2016-03-13,2183681.31
2016-03-14,2186208.31
2016-03-15,2186208.31
2016-03-16,2186208.31
2016-03-17,2186208.31
2016-03-18,2186208.31
2016-03-19,2186208.31
2016-03-20,2186208.31
2016-03-21,2186208.31
2016-03-22,2186208.31
2016-03-23,2186208.31
2016-03-24,2186208.31
2016-03-25,2186208.31
2016-03-26,2186208.31
2016-03-27,2186208.31
2016-03-28,2186208.31
2016-03-29,2186208.31
2016-03-30,2186208.31
2016-03-31,2259910.31
2016-04-01,2259910.31
2016-04-02,2352938.31
2016-04-03,2352938.31
2016-04-04,2352938.31
2016-04-05,2352938.31
2016-04-06,2352938.31
2016-04-07,2352938.31
2016-04-08,2352938.31
2016-04-09,2352938.31
2016-04-10,2352938.31
2016-04-11,2352938.31
2016-04-12,2352938.31
2016-04-13,2352938.31
2016-04-14,2352938.31
2016-04-15,2352938.31
2016-04-16,2352938.31
2016-04-17,2352938.31
2016-04-18,2352938.31
2016-04-19,2352938.31
2016-04-20,2352938.31
2016-04-21,1952938.31
2016-04-22,1952938.31
2016-04-23,1952938.31
2016-04-24,1952938.31
2016-04-25,1952938.31
2016-04-26,1952938.31
2016-04-27,1952938.31
2016-04-28,1952938.31
2016-04-29,1952938.31
2016-04-30,2003849.31
2016-05-01,2003849.31
2016-05-02,2003849.31
2016-05-03,2003849.31
2016-05-04,2003849.31
2016-05-05,2003849.31
2016-05-06,2003849.31
2016-05-07,2003849.31
2016-05-08,2003849.31
2016-05-09,2003849.31
2016-05-10,2003849.31
2016-05-11,2003849.31
2016-05-12,680111.31
2016-05-13,680111.31
2016-05-14,680111.31
2016-05-15,680111.31
2016-05-16,680111.31
2016-05-17,680111.31
2016-05-18,680111.31
2016-05-19,680111.31
2016-05-20,680111.31
2016-05-21,680111.31
2016-05-22,680111.31
2016-05-23,680111.31
2016-05-24,680111.31
2016-05-25,680111.31
2016-05-26,680111.31
2016-05-27,680111.31
2016-05-28,680111.31
2016-05-29,680111.31
2016-05-30,680111.31
2016-05-31,680111.31
2016-06-01,733613.28
2016-06-02,733613.28
2016-06-03,733613.28
2016-06-04,733613.28
2016-06-05,733613.28
2016-06-06,733613.28
2016-06-07,733613.28
2016-06-08,733613.28
2016-06-09,733613.28
2016-06-10,733613.28
2016-06-11,733613.28
2016-06-12,733613.28
2016-06-13,733613.28
2016-06-14,733613.28
2016-06-15,733613.28
2016-06-16,733613.28
2016-06-17,733613.28
2016-06-18,733613.28
2016-06-19,733613.28
2016-06-20,733613.28
2016-06-21,733613.28
2016-06-22,733613.28
2016-06-23,733613.28
2016-06-24,733613.28
2016-06-25,733613.28
2016-06-26,733613.28
2016-06-27,733613.28
2016-06-28,733613.28
2016-06-29,733613.28
2016-06-30,756373.28
2016-07-01,872787.28
2016-07-02,872787.28
2016-07-03,872787.28
2016-07-04,872787.28
2016-07-05,872787.28
2016-07-06,872787.28
2016-07-07,872787.28
2016-07-08,822787.28
2016-07-09,822787.28
2016-07-10,822787.28
2016-07-11,822787.28
2016-07-12,822787.28
2016-07-13,822787.28
2016-07-14,833677.28
2016-07-15,832177.28
2016-07-16,824177.28
2016-07-17,824177.28
2016-07-18,824177.28
2016-07-19,823677.28
2016-07-20,823677.28
2016-07-21,823677.28
2016-07-22,823677.28
2016-07-23,823677.28
2016-07-24,823677.28
2016-07-25,823677.28
2016-07-26,823677.28
2016-07-27,393717.28
2016-07-28,393717.28
2016-07-29,393717.28
2016-07-30,486743.18
2016-07-31,480743.18
2016-08-01,480743.18
2016-08-02,480743.18
2016-08-03,480743.18
2016-08-04,480743.18
2016-08-05,480743.18
2016-08-06,480743.18
2016-08-07,480743.18
2016-08-08,480743.18
2016-08-09,480743.18
2016-08-10,462763.18
2016-08-11,462763.18
2016-08-12,462763.18
2016-08-13,462763.18
2016-08-14,462763.18
2016-08-15,462763.18
2016-08-16,462763.18
2016-08-17,462763.18
2016-08-18,462763.18
2016-08-19,462763.18
2016-08-20,462763.18
2016-08-21,462763.18
2016-08-22,462763.18
2016-08-23,462763.18
2016-08-24,462763.18
2016-08-25,452763.18
2016-08-26,452763.18
2016-08-27,452763.18
2016-08-28,452763.18
2016-08-29,452763.18
2016-08-30,452763.18
2016-08-31,452763.18
2016-09-01,525927.26
2016-09-02,525927.26
2016-09-03,525927.26
2016-09-04,525927.26
2016-09-05,525927.26
2016-09-06,525927.26
2016-09-07,525927.26
2016-09-08,525927.26
2016-09-09,525927.26
2016-09-10,525927.26
2016-09-11,525927.26
2016-09-12,525927.26
2016-09-13,525927.26
2016-09-14,525927.26
2016-09-15,525927.26
2016-09-16,525927.26
2016-09-17,525927.26
2016-09-18,525927.26
2016-09-19,525927.26
2016-09-20,525927.26
2016-09-21,525927.26
2016-09-22,525927.26
2016-09-23,525927.26
2016-09-24,525927.26
2016-09-25,525927.26
2016-09-26,525927.26
2016-09-27,525927.26
2016-09-28,525927.26
2016-09-29,525927.26
2016-09-30,536282.26
2016-10-01,637349.82
2016-10-02,637349.82
2016-10-03,637349.82
2016-10-04,637349.82
2016-10-05,637349.82
2016-10-06,637349.82
2016-10-07,637349.82
2016-10-08,637349.82
2016-10-09,637349.82
2016-10-10,637349.82
2016-10-11,637349.82
2016-10-12,637349.82
2016-10-13,637349.82
2016-10-14,637349.82
2016-10-15,637349.82
2016-10-16,637349.82
2016-10-17,637349.82
2016-10-18,637349.82
2016-10-19,637349.82
2016-10-20,637349.82
2016-10-21,637349.82
2016-10-22,637349.82
2016-10-23,636349.82
2016-10-24,636349.82
2016-10-25,636349.82
2016-10-26,636349.82
2016-10-27,636349.82
2016-10-28,636349.82
2016-10-29,636349.82
2016-10-30,636349.82
2016-10-31,636349.82
2016-11-01,636349.82
2016-11-02,683306.78
2016-11-03,683306.78
2016-11-04,683306.78
2016-11-05,683306.78
2016-11-06,683306.78
2016-11-07,683306.78
2016-11-08,683306.78
2016-11-09,683306.78
2016-11-10,683306.78
2016-11-11,683306.78
2016-11-12,683306.78
2016-11-13,683306.78
2016-11-14,683306.78
2016-11-15,683306.78
2016-11-16,683306.78
2016-11-17,683306.78
2016-11-18,683306.78
2016-11-19,683306.78
2016-11-20,683306.78
2016-11-21,683306.78
2016-11-22,683306.78
2016-11-23,683306.78
2016-11-24,683306.78
2016-11-25,683306.78
2016-11-26,683306.78
2016-11-27,683306.78
2016-11-28,683306.78
2016-11-29,683306.78
2016-11-30,683306.78
2016-12-01,687321.5
2016-12-02,687321.5
2016-12-03,687321.5
2016-12-04,687321.5
2016-12-05,687321.5
2016-12-06,687321.5
2016-12-07,687321.5
2016-12-08,687321.5
2016-12-09,687321.5
2016-12-10,687321.5
2016-12-11,687321.5
2016-12-12,687321.5
2016-12-13,687321.5
2016-12-14,687321.5
2016-12-15,687321.5
2016-12-16,687321.5
2016-12-17,568721.5
2016-12-18,568721.5
2016-12-19,568721.5
2016-12-20,568721.5
2016-12-21,568721.5
2016-12-22,568721.5
2016-12-23,568721.5
2016-12-24,568721.5
2016-12-25,568721.5
2016-12-26,568721.5
2016-12-27,568721.5
2016-12-28,568721.5
2016-12-29,568721.5
2016-12-30,568721.5
2016-12-31,629096.72
2017-01-01,629096.72
2017-01-02,629096.72
2017-01-03,629096.72
2017-01-04,629096.72
2017-01-05,629096.72
2017-01-06,629096.72
2017-01-07,629096.72
2017-01-08,629096.72
2017-01-09,629096.72
2017-01-10,629096.72
2017-01-11,629096.72
2017-01-12,629096.72
2017-01-13,629096.72
2017-01-14,629096.72
2017-01-15,629096.72
2017-01-16,629096.72
2017-01-17,629096.72
2017-01-18,629096.72
2017-01-19,629096.72
2017-01-20,629096.72
2017-01-21,629096.72
2017-01-22,629096.72
2017-01-23,629096.72
2017-01-24,629096.72
2017-01-25,629096.72
2017-01-26,629096.72
2017-01-27,629096.72
2017-01-28,629096.72
2017-01-29,629096.72
2017-01-30,629096.72
2017-01-31,629096.72
2017-02-01,629096.72
2017-02-02,671882.88
2017-02-03,671882.88
2017-02-04,671882.88
2017-02-05,671882.88
2017-02-06,671882.88
2017-02-07,671882.88
2017-02-08,671882.88
2017-02-09,671882.88
2017-02-10,671882.88
2017-02-11,671882.88
2017-02-12,671882.88
2017-02-13,661882.88
2017-02-14,661882.88
2017-02-15,661882.88
2017-02-16,661882.88
2017-02-17,661882.88
2017-02-18,661882.88
2017-02-19,661882.88
2017-02-20,661882.88
2017-02-21,661882.88
2017-02-22,661882.88
2017-02-23,661882.88
2017-02-24,661882.88
2017-02-25,661882.88
2017-02-26,661882.88
2017-02-27,661882.88
2017-02-28,661882.88
2017-03-01,671431.23
2017-03-02,671431.23
2017-03-03,671431.23
2017-03-04,671431.23
2017-03-05,671431.23
2017-03-06,671431.23
2017-03-07,671431.23
2017-03-08,671431.23
2017-03-09,671431.23
2017-03-10,671431.23
2017-03-11,671431.23
2017-03-12,671431.23
2017-03-13,671431.23
2017-03-14,671431.23
2017-03-15,671431.23
2017-03-16,671431.23
2017-03-17,671431.23
2017-03-18,671431.23
2017-03-19,669823.23
2017-03-20,644823.23
2017-03-21,644823.23
2017-03-22,644823.23
2017-03-23,569823.23
2017-03-24,569823.23
2017-03-25,569823.23
2017-03-26,569823.23
2017-03-27,569823.23
2017-03-28,569823.23
2017-03-29,569823.23
2017-03-30,569823.23
2017-03-31,579202.23
2017-04-01,579202.23
2017-04-02,579202.23
2017-04-03,605522.03
2017-04-04,605522.03
2017-04-05,605522.03
2017-04-06,605522.03
2017-04-07,605522.03
2017-04-08,605522.03
2017-04-09,605522.03
2017-04-10,605522.03
2017-04-11,605522.03
2017-04-12,605522.03
2017-04-13,605522.03
2017-04-14,605522.03
2017-04-15,605522.03
2017-04-16,605522.03
2017-04-17,605522.03
2017-04-18,605522.03
2017-04-19,605522.03
2017-04-20,605522.03
2017-04-21,605522.03
2017-04-22,605522.03
2017-04-23,605522.03
2017-04-24,605522.03
2017-04-25,605522.03
2017-04-26,605522.03
2017-04-27,605522.03
2017-04-28,605522.03
2017-04-29,679570.65
2017-04-30,679570.65
2017-05-01,679570.65
2017-05-02,679570.65
2017-05-03,679570.65
2017-05-04,679570.65
2017-05-05,679570.65
2017-05-06,679570.65
2017-05-07,679570.65
2017-05-08,679570.65
2017-05-09,679570.65
2017-05-10,679570.65
2017-05-11,679570.65
2017-05-12,679570.65
2017-05-13,679570.65
2017-05-14,679570.65
2017-05-15,679570.65
2017-05-16,679570.65
2017-05-17,679570.65
2017-05-18,679570.65
2017-05-19,679570.65
2017-05-20,679570.65
2017-05-21,679570.65
2017-05-22,679570.65
2017-05-23,679570.65
2017-05-24,679570.65
2017-05-25,679570.65
2017-05-26,679570.65
2017-05-27,679570.65
2017-05-28,679570.65
2017-05-29,679570.65
2017-05-30,679570.65
2017-05-31,679570.65
2017-06-01,733733.65
2017-06-02,733733.65
2017-06-03,733733.65
2017-06-04,733733.65
2017-06-05,733733.65
2017-06-06,733733.65
2017-06-07,733733.65
2017-06-08,733733.65
2017-06-09,733733.65
2017-06-10,733733.65
2017-06-11,733733.65
2017-06-12,733733.65
2017-06-13,733733.65
2017-06-14,733733.65
2017-06-15,733733.65
2017-06-16,733733.65
2017-06-17,733733.65
2017-06-18,733733.65
2017-06-19,733733.65
2017-06-20,733733.65
2017-06-21,733733.65
2017-06-22,733733.65
2017-06-23,733733.65
2017-06-24,733733.65
2017-06-25,733733.65
2017-06-26,733733.65
2017-06-27,733733.65
2017-06-28,733733.65
2017-06-29,733733.65
2017-06-30,743692.65
2017-07-01,822404.65
2017-07-02,822404.65
2017-07-03,822404.65
2017-07-04,822404.65
2017-07-05,822404.65
2017-07-06,822404.65
2017-07-07,822404.65
2017-07-08,822404.65
2017-07-09,822404.65
2017-07-10,823911.65
2017-07-11,823911.65
2017-07-12,823911.65
2017-07-13,823911.65
2017-07-14,823911.65
2017-07-15,823911.65
2017-07-16,823911.65
2017-07-17,808911.65
2017-07-18,808911.65
2017-07-19,808911.65
2017-07-20,808911.65
2017-07-21,808911.65
2017-07-22,808911.65
2017-07-23,808911.65
2017-07-24,808911.65
2017-07-25,808911.65
2017-07-26,808911.65
2017-07-27,808911.65
2017-07-28,808911.65
2017-07-29,808911.65
2017-07-30,808911.65
2017-07-31,808911.65
2017-08-01,916854.52
2017-08-02,916854.52
2017-08-03,916854.52
2017-08-04,916854.52
2017-08-05,916854.52
2017-08-06,916854.52
2017-08-07,916854.52
2017-08-08,916854.52
2017-08-09,916854.52
2017-08-10,916854.52
2017-08-11,916854.52
2017-08-12,916854.52
2017-08-13,916854.52
2017-08-14,916854.52
2017-08-15,916854.52
2017-08-16,916854.52
2017-08-17,916854.52
2017-08-18,916854.52
2017-08-19,916854.52
2017-08-20,916854.52
2017-08-21,916854.52
2017-08-22,916854.52
2017-08-23,916854.52
2017-08-24,916829.52
2017-08-25,916854.52
2017-08-26,916854.52
2017-08-27,916854.52
2017-08-28,916854.52
2017-08-29,916854.52
2017-08-30,916854.52
2017-08-31,916854.52
2017-09-01,878841.81
2017-09-02,878841.81
2017-09-03,878841.81
2017-09-04,878841.81
2017-09-05,975887.81
2017-09-06,975887.81
2017-09-07,975887.81
2017-09-08,975887.81
2017-09-09,975887.81
2017-09-10,975887.81
2017-09-11,975887.81
2017-09-12,975887.81
2017-09-13,975887.81
2017-09-14,975887.81
2017-09-15,975887.81
2017-09-16,975887.81
2017-09-17,975887.81
2017-09-18,975887.81
2017-09-19,975887.81
2017-09-20,975887.81
2017-09-21,975887.81
2017-09-22,975887.81
2017-09-23,975887.81
2017-09-24,975887.81
2017-09-25,975887.81
2017-09-26,975887.81
2017-09-27,975887.81
2017-09-28,975887.81
2017-09-29,975887.81
2017-09-30,989342.81
2017-10-01,989342.81
2017-10-02,989342.81
2017-10-03,989342.81
2017-10-04,989342.81
2017-10-05,989342.81
2017-10-06,989342.81
2017-10-07,989342.81
2017-10-08,989342.81
2017-10-09,989342.81
2017-10-10,989342.81
2017-10-11,1074352.31
2017-10-12,1074352.31
2017-10-13,1074352.31
2017-10-14,1074352.31
2017-10-15,1074352.31
2017-10-16,1074352.31
2017-10-17,1074352.31
2017-10-18,1074352.31
2017-10-19,1074352.31
2017-10-20,1074352.31
2017-10-21,1074352.31
2017-10-22,1074352.31
2017-10-23,1069221.31
2017-10-24,1069221.31
2017-10-25,1068411.41
2017-10-26,1068411.41
2017-10-27,1068411.41
2017-10-28,1068411.41
2017-10-29,1068411.41
2017-10-30,1068411.41
2017-10-31,1068411.41
2017-11-01,1068411.41
2017-11-02,1068411.41
2017-11-03,1068411.41
2017-11-04,1193477.11
2017-11-05,1193477.11
2017-11-06,1193477.11
2017-11-07,1193477.11
2017-11-08,1193477.11
2017-11-09,1193477.11
2017-11-10,1193477.11
2017-11-11,1193477.11
2017-11-12,1193477.11
2017-11-13,1193477.11
2017-11-14,1193477.11
2017-11-15,1193477.11
2017-11-16,1193477.11
2017-11-17,1193477.11
2017-11-18,1193477.11
2017-11-19,1193477.11
2017-11-20,1193477.11
2017-11-21,1193477.11
2017-11-22,1193477.11
2017-11-23,1193477.11
2017-11-24,1193477.11
2017-11-25,1193477.11
2017-11-26,1193477.11
2017-11-27,1193477.11
2017-11-28,1193477.11
2017-11-29,1193477.11
2017-11-30,1193477.11
2017-12-01,1193477.11
2017-12-02,1324773.74
2017-12-03,1324773.74
2017-12-04,1324773.74
2017-12-05,1324773.74
2017-12-06,1324773.74
2017-12-07,1324773.74
2017-12-08,1324773.74
2017-12-09,1324773.74
2017-12-10,1324773.74
2017-12-11,1324773.74
2017-12-12,1299773.74
2017-12-13,1249733.74
2017-12-14,1249733.74
2017-12-15,1244713.74
2017-12-16,1244713.74
2017-12-17,1244713.74
2017-12-18,1244713.74
2017-12-19,1244713.74
2017-12-20,1244713.74
2017-12-21,1244713.74
2017-12-22,1244713.74
2017-12-23,1244713.74
2017-12-24,1244713.74
2017-12-25,1244713.74
2017-12-26,1344713.74
2017-12-27,1344713.74
2017-12-28,1344713.74
2017-12-29,1344713.74
2017-12-30,1344713.74
2017-12-31,1363542.74
2018-01-01,1363542.74
2018-01-02,1363542.74
2018-01-03,1369690.32
2018-01-04,1369690.32
2018-01-05,1369690.32
2018-01-06,1369690.32
2018-01-07,1369690.32
2018-01-08,1369690.32
2018-01-09,1369690.32
2018-01-10,1369690.32
2018-01-11,1369690.32
2018-01-12,1369690.32
2018-01-13,1344690.32
2018-01-14,1244690.32
2018-01-15,1244690.32
2018-01-16,1244690.32
2018-01-17,1244690.32
2018-01-18,1244690.32
2018-01-19,1194690.32
2018-01-20,1194840.32
2018-01-21,1194840.32
2018-01-22,1194840.32
2018-01-23,1194840.32
2018-01-24,1194840.32
2018-01-25,1194840.32
2018-01-26,1194840.32
2018-01-27,1194840.32
2018-01-28,1194840.32
2018-01-29,1194840.32
2018-01-30,1194840.32
2018-01-31,1194840.32
2018-02-01,1194840.32
2018-02-02,1194840.32
2018-02-03,1194840.32
2018-02-04,1200690.32
2018-02-05,1269575.29
2018-02-06,1269575.29
2018-02-07,1269575.29
2018-02-08,1269575.29
2018-02-09,1269575.29
2018-02-10,1269575.29
2018-02-11,1269575.29
2018-02-12,1269575.29
2018-02-13,1269575.29
2018-02-14,1269575.29
2018-02-15,1269575.29
2018-02-16,1269575.29
2018-02-17,1269575.29
2018-02-18,1269575.29
2018-02-19,1269575.29
2018-02-20,1269575.29
2018-02-21,1269575.29
2018-02-22,1269575.29
2018-02-23,1269575.29
2018-02-24,1269575.29
2018-02-25,1269575.29
2018-02-26,1269575.29
2018-02-27,1269575.29
2018-02-28,1269575.29
2018-03-01,1269575.29
2018-03-02,1269575.29
2018-03-03,1269575.29
2018-03-04,1269575.29
2018-03-05,1269575.29
2018-03-06,1269575.29
2018-03-07,1269575.29
2018-03-08,1269575.29
2018-03-09,1269575.29
2018-03-10,1266075.29
2018-03-11,1266075.29
2018-03-12,1266075.29
2018-03-13,1266075.29
2018-03-14,1266075.29
2018-03-15,1266075.29
2018-03-16,1266075.29
2018-03-17,1266075.29
2018-03-18,1266075.29
2018-03-19,1304684.9
2018-03-20,1304684.9
2018-03-21,1304684.9
2018-03-22,1304684.9
2018-03-23,1304684.9
2018-03-24,1304684.9
2018-03-25,1304684.9
2018-03-26,1304684.9
2018-03-27,1304684.9
2018-03-28,1304684.9
2018-03-29,1304684.9
2018-03-30,1304684.9
2018-03-31,1437502.45
2018-04-01,1437502.45
2018-04-02,1437502.45
2018-04-03,1437502.45
2018-04-04,1437502.45
2018-04-05,1437502.45
2018-04-06,1437502.45
2018-04-07,1437502.45
2018-04-08,1437502.45
2018-04-09,1437502.45
2018-04-10,1406502.45
2018-04-11,1406502.45
2018-04-12,1406502.45
2018-04-13,1406502.45
2018-04-14,1406502.45
2018-04-15,1406502.45
2018-04-16,1406502.45
2018-04-17,1406502.45
2018-04-18,1406502.45
2018-04-19,1406502.45
2018-04-20,1406502.45
2018-04-21,1406502.45
2018-04-22,1406502.45
2018-04-23,1406502.45
2018-04-24,1406502.45
2018-04-25,1406502.45
2018-04-26,1406502.45
2018-04-27,1406502.45
2018-04-28,1406502.45
2018-04-29,1406502.45
2018-04-30,1406502.45
2018-05-01,1406502.45
2018-05-02,1406502.45
2018-05-03,1455459.45
2018-05-04,1455459.45
2018-05-05,1455459.45
2018-05-06,1455459.45
2018-05-07,1455459.45
2018-05-08,1455459.45
2018-05-09,1455459.45
2018-05-10,1455459.45
2018-05-11,1405459.45
2018-05-12,1405459.45
2018-05-13,1405459.45
2018-05-14,1405459.45
2018-05-15,1405459.45
2018-05-16,1405459.45
2018-05-17,1405459.45
2018-05-18,1405459.45
2018-05-19,1455459.45
2018-05-20,1455459.45
2018-05-21,1455459.45
2018-05-22,1455459.45
2018-05-23,1455459.45
2018-05-24,1455459.45
2018-05-25,1455459.45
2018-05-26,1455459.45
2018-05-27,1455459.45
2018-05-28,1455459.45
2018-05-29,1455459.45
2018-05-30,1455459.45
2018-05-31,1455459.45
2018-06-01,1507718.08
2018-06-02,1507718.08
2018-06-03,1507718.08
2018-06-04,1507718.08
2018-06-05,1507718.08
2018-06-06,1507718.08
2018-06-07,1507718.08
2018-06-08,1507718.08
2018-06-09,1507718.08
2018-06-10,1507718.08
2018-06-11,1507718.08
2018-06-12,1507718.08
2018-06-13,1507718.08
2018-06-14,1507718.08
2018-06-15,1507718.08
2018-06-16,1507718.08
2018-06-17,1507718.08
2018-06-18,1507718.08
2018-06-19,1507718.08
2018-06-20,1507718.08
2018-06-21,1507718.08
2018-06-22,1507718.08
2018-06-23,1507718.08
2018-06-24,1507718.08
2018-06-25,1507718.08
2018-06-26,1507718.08
2018-06-27,1507718.08
2018-06-28,1507718.08
2018-06-29,1507718.08
2018-06-30,1596360.33
2018-07-01,1596360.33
2018-07-02,1596360.33
2018-07-03,1596360.33
2018-07-04,1596360.33
2018-07-05,1596360.33
2018-07-06,1596360.33
2018-07-07,1596360.33
2018-07-08,1596360.33
2018-07-09,1596360.33
2018-07-10,1596360.33
2018-07-11,1596360.33
2018-07-12,1596360.33
2018-07-13,1596360.33
2018-07-14,1596360.33
2018-07-15,1596360.33
2018-07-16,1596360.33
2018-07-17,1596360.33
2018-07-18,1596360.33
2018-07-19,1688628.8
2018-07-20,1688628.8
2018-07-21,1688628.8
2018-07-22,1688628.8
2018-07-23,1688628.8
2018-07-24,1688628.8
2018-07-25,1688628.8
2018-07-26,1688628.8
2018-07-27,1846160.7
2018-07-28,1846160.7
2018-07-29,1846160.7
2018-07-30,1846160.7
2018-07-31,1886749.75
2018-08-01,1886749.75
2018-08-02,1886749.75
2018-08-03,1886749.75
2018-08-04,1886749.75
2018-08-05,1886749.75
2018-08-06,1886749.75
2018-08-07,2086749.75
2018-08-08,1886749.75
2018-08-09,1886749.75
2018-08-10,1886749.75
2018-08-11,1886749.75
2018-08-12,1886749.75
2018-08-13,1886749.75
2018-08-14,1886749.75
2018-08-15,1886749.75
2018-08-16,1886749.75
2018-08-17,1886749.75
2018-08-18,1886749.75
2018-08-19,1886749.75
2018-08-20,2086749.75
2018-08-21,2086749.75
2018-08-22,2086749.75
2018-08-23,2086749.75
2018-08-24,2086749.75
2018-08-25,2086749.75
2018-08-26,2061749.75
2018-08-27,2061749.75
2018-08-28,2061749.75
2018-08-29,2061749.75
2018-08-30,2061749.75
2018-08-31,2061749.75
2018-09-01,2113281.25
2018-09-02,2113281.25
2018-09-03,2113281.25
2018-09-04,2113281.25
2018-09-05,2113281.25
2018-09-06,2113281.25
2018-09-07,2113281.25
2018-09-08,2113281.25
2018-09-09,2113281.25
2018-09-10,2113281.25
2018-09-11,2113281.25
2018-09-12,2113281.25
2018-09-13,2113281.25
2018-09-14,2113281.25
2018-09-15,2113281.25
2018-09-16,2113281.25
2018-09-17,2113281.25
2018-09-18,2113281.25
2018-09-19,2113281.25
2018-09-20,2113281.25
2018-09-21,2113281.25
2018-09-22,2113281.25
2018-09-23,2113281.25
2018-09-24,2113281.25
2018-09-25,2113281.25
2018-09-26,2113281.25
2018-09-27,2113281.25
2018-09-28,2113281.25
2018-09-29,2215222.25
2018-09-30,2246322.25
2018-10-01,2246322.25
2018-10-02,2246322.25
2018-10-03,2246322.25
2018-10-04,2246322.25
2018-10-05,2246322.25
2018-10-06,2246322.25
2018-10-07,2246322.25
2018-10-08,2246322.25
2018-10-09,2246322.25
2018-10-10,2246322.25
2018-10-11,2246322.25
2018-10-12,2246322.25
2018-10-13,2246322.25
2018-10-14,2161322.25
2018-10-15,2161322.25
2018-10-16,2161322.25
2018-10-17,2161322.25
2018-10-18,2161322.25
2018-10-19,2161322.25
2018-10-20,2161322.25
2018-10-21,2161322.25
2018-10-22,2161322.25
2018-10-23,2161322.25
2018-10-24,2161322.25
2018-10-25,2161322.25
2018-10-26,2161322.25
2018-10-27,2161322.25
2018-10-28,2161322.25
2018-10-29,2161322.25
2018-10-30,2161322.25
2018-10-31,2161322.25
2018-11-01,2161322.25
2018-11-02,2161322.25
2018-11-03,2221311.25
2018-11-04,2221311.25
2018-11-05,2221311.25
2018-11-06,2221311.25
2018-11-07,2221311.25
2018-11-08,2221311.25
2018-11-09,2221311.25
2018-11-10,2221311.25
2018-11-11,2221311.25
2018-11-12,2221311.25
2018-11-13,2221311.25
2018-11-14,2221311.25
2018-11-15,2221311.25
2018-11-16,2221311.25
2018-11-17,2221311.25
2018-11-18,2221311.25
2018-11-19,1816961.25
2018-11-20,1816961.25
2018-11-21,1816961.25
2018-11-22,1816961.25
2018-11-23,1816961.25
2018-11-24,1816961.25
2018-11-25,1816961.25
2018-11-26,1816961.25
2018-11-27,1816961.25
2018-11-28,1816961.25
2018-11-29,1816961.25
2018-11-30,1816961.25
2018-12-01,1816961.25
2018-12-02,1816961.25
2018-12-03,1816961.25
2018-12-04,1931961.25
2018-12-05,1931961.25
2018-12-06,1931961.25
2018-12-07,1931961.25
2018-12-08,1931961.25
2018-12-09,1931961.25
2018-12-10,1931961.25
2018-12-11,1931961.25
2018-12-12,1931961.25
2018-12-13,1931961.25
2018-12-14,1931961.25
2018-12-15,1424612.25
2018-12-16,1424612.25
2018-12-17,1424612.25
2018-12-18,1424612.25
2018-12-19,1424612.25
2018-12-20,1424612.25
2018-12-21,1424612.25
2018-12-22,1424612.25
2018-12-23,1424612.25
2018-12-24,1424612.25
2018-12-25,1424612.25
2018-12-26,1424612.25
2018-12-27,1424612.25
2018-12-28,1424612.25
2018-12-29,1424612.25
2018-12-30,1424612.25
2018-12-31,1456538.25
2019-01-01,1556538.25
2019-01-02,1556538.25
2019-01-03,1556538.25
2019-01-04,1456538.25
2019-01-05,1456538.25
2019-01-06,1456538.25
2019-01-07,1456538.25
2019-01-08,1456538.25
2019-01-09,1456538.25
2019-01-10,1456538.25
2019-01-11,1456538.25
2019-01-12,1456538.25
2019-01-13,1456538.25
2019-01-14,1456538.25
2019-01-15,1526538.25
2019-01-16,1526538.25
2019-01-17,1526538.25
2019-01-18,1526538.25
2019-01-19,1526538.25
2019-01-20,1526538.25
2019-01-21,1526538.25
2019-01-22,1526538.25
2019-01-23,1526538.25
2019-01-24,1526538.25
2019-01-25,1526538.25
2019-01-26,1526538.25
2019-01-27,1526538.25
2019-01-28,1526538.25
2019-01-29,1526538.25
2019-01-30,1526538.25
2019-01-31,1526538.25
2019-02-01,1526538.25
2019-02-02,1526538.25
2019-02-03,1526538.25
2019-02-04,1600548.62
2019-02-05,1600548.62
2019-02-06,1600548.62
2019-02-07,1600548.62
2019-02-08,1600548.62
2019-02-09,1600548.62
2019-02-10,1600548.62
2019-02-11,1600548.62
2019-02-12,1600548.62
2019-02-13,1600548.62
2019-02-14,1600548.62
2019-02-15,1600548.62
2019-02-16,1600548.62
2019-02-17,1600548.62
2019-02-18,1600548.62
2019-02-19,1600548.62
2019-02-20,1600548.62
2019-02-21,1600548.62
2019-02-22,1600548.62
2019-02-23,1600548.62
2019-02-24,1600548.62
2019-02-25,1600548.62
2019-02-26,1600548.62
2019-02-27,1600548.62
2019-02-28,1677548.62
2019-03-01,1677548.62
2019-03-02,1677547.62
2019-03-03,1677547.62
2019-03-04,1677547.62
2019-03-05,1677547.62
2019-03-06,1677548.62
2019-03-07,1677548.62
2019-03-08,1677548.62
2019-03-09,1677548.62
2019-03-10,1677548.62
2019-03-11,1677548.62
2019-03-12,1677548.62
2019-03-13,1677548.62
2019-03-14,1677548.62
2019-03-15,1677548.62
2019-03-16,1674548.62
2019-03-17,1674548.62
2019-03-18,1674548.62
2019-03-19,1674548.62
2019-03-20,1673548.62
2019-03-21,1673548.62
2019-03-22,1673548.62
2019-03-23,1673548.62
2019-03-24,1673548.62
2019-03-25,1673548.62
2019-03-26,1673548.62
2019-03-27,1673548.62
2019-03-28,1672048.62
2019-03-29,1751048.62
2019-03-30,1751048.62
2019-03-31,1776354.62
2019-04-01,1806354.62
2019-04-02,1806354.62
2019-04-03,1806354.62
2019-04-04,1806354.62
2019-04-05,1806354.62
2019-04-06,1806354.62
2019-04-07,1806354.62
2019-04-08,1806354.62
2019-04-09,1806354.62
2019-04-10,1806354.62
2019-04-11,1806354.62
2019-04-12,1806354.62
2019-04-13,1806354.62
2019-04-14,1806354.62
2019-04-15,1806354.62
2019-04-16,1806354.62
2019-04-17,1806354.62
2019-04-18,1806354.62
2019-04-19,1806354.62
2019-04-20,1806354.62
2019-04-21,1806354.62
2019-04-22,1806354.62
2019-04-23,1806354.62
2019-04-24,1806354.62
2019-04-25,1806354.62
2019-04-26,1806354.62
2019-04-27,1806354.62
2019-04-28,1806354.62
2019-04-29,1806354.62
2019-04-30,1896354.62
2019-05-01,1896354.62
2019-05-02,1896354.62
2019-05-03,1896354.62
2019-05-04,1896354.62
2019-05-05,1896354.62
2019-05-06,1896354.62
2019-05-07,1896354.62
2019-05-08,1896354.62
2019-05-09,1896354.62
2019-05-10,1896354.62
2019-05-11,1896354.62
2019-05-12,1896354.62
2019-05-13,1896354.62
2019-05-14,1896354.62
2019-05-15,1896354.62
2019-05-16,1896354.62
2019-05-17,1896354.62
2019-05-18,1896354.62
2019-05-19,1896354.62
2019-05-20,1896354.62
2019-05-21,1896354.62
2019-05-22,1896354.62
2019-05-23,1896354.62
2019-05-24,1896354.62
2019-05-25,1896354.62
2019-05-26,1896354.62
2019-05-27,1896354.62
2019-05-28,1896354.62
2019-05-29,1896354.62
2019-05-30,1896354.62
2019-05-31,1954354.62
2019-06-01,1954354.62
2019-06-02,1954354.62
2019-06-03,1944354.62
2019-06-04,1944354.62
2019-06-05,1944354.62
2019-06-06,1944354.62
2019-06-07,1944354.62
2019-06-08,1944354.62
2019-06-09,1944354.62
2019-06-10,1944354.62
2019-06-11,1944354.62
2019-06-12,1944354.62
2019-06-13,1944354.62
2019-06-14,1944354.62
2019-06-15,1944354.62
2019-06-16,1944354.62
2019-06-17,1944354.62
2019-06-18,1944354.62
2019-06-19,1944354.62
2019-06-20,1944354.62
2019-06-21,1944354.62
2019-06-22,1944354.62
2019-06-23,1944354.62
2019-06-24,1944354.62
2019-06-25,1944354.62
2019-06-26,1944354.62
2019-06-27,1944354.62
2019-06-28,2024354.62
2019-06-29,2024354.62
2019-06-30,2054863.62
2019-07-01,2054863.62
2019-07-02,2054863.62
2019-07-03,2054863.62
2019-07-04,2054863.62
2019-07-05,2054863.62
2019-07-06,2054863.62
2019-07-07,2054863.62
2019-07-08,2054863.62
2019-07-09,2054863.62
2019-07-10,2054863.62
2019-07-11,2039615.62
2019-07-12,2039615.62
2019-07-13,2039615.62
2019-07-14,2039615.62
2019-07-15,2039615.62
2019-07-16,2039615.62
2019-07-17,2039615.62
2019-07-18,2039615.62
2019-07-19,2039615.62
2019-07-20,2039615.62
2019-07-21,2039615.62
2019-07-22,2039615.62
2019-07-23,2039615.62
2019-07-24,2039615.62
2019-07-25,2039615.62
2019-07-26,2039615.62
2019-07-27,2039615.62
2019-07-28,2039615.62
2019-07-29,2039615.62
2019-07-30,2039615.62
2019-07-31,2112715.62
2019-08-01,2112715.62
2019-08-02,2112715.62
2019-08-03,2112715.62
2019-08-04,2112715.62
2019-08-05,2112715.62
2019-08-06,2112715.62
2019-08-07,2112715.62
2019-08-08,2105186.62
2019-08-09,1597836.62
2019-08-10,1597836.62
2019-08-11,1597836.62
2019-08-12,1572836.62
2019-08-13,1572836.62
2019-08-14,1572836.62
2019-08-15,1572836.62
2019-08-16,1572836.62
2019-08-17,1572836.62
2019-08-18,1572836.62
2019-08-19,1572836.62
2019-08-20,1572836.62
2019-08-21,1572836.62
2019-08-22,1572836.62
2019-08-23,1572836.62
2019-08-24,1572836.62
2019-08-25,1572836.62
2019-08-26,1572836.62
2019-08-27,1572836.62
2019-08-28,1572836.62
2019-08-29,1572836.62
2019-08-30,1698836.62
2019-08-31,1658836.62
2019-09-01,1658836.62
2019-09-02,1658836.62
2019-09-03,1653836.62
2019-09-04,1596261.26
2019-09-05,1596261.26
2019-09-06,1596261.26
2019-09-07,1596261.26
2019-09-08,1596261.26
2019-09-09,1596261.26
2019-09-10,1596261.26
2019-09-11,1596261.26
2019-09-12,1596261.26
2019-09-13,1596261.26
2019-09-14,1596261.26
2019-09-15,1596261.26
2019-09-16,1596261.26
2019-09-17,1596261.26
2019-09-18,1596261.26
2019-09-19,1596261.26
2019-09-20,1596261.26
2019-09-21,1596261.26
2019-09-22,1596261.26
2019-09-23,1596261.26
2019-09-24,1596261.26
2019-09-25,1596261.26
2019-09-26,1596261.26
2019-09-27,1596261.26
2019-09-28,1596261.26
2019-09-29,1596261.26
2019-09-30,1706452.26
2019-10-01,1706452.26
2019-10-02,1706452.26
2019-10-03,1706452.26
2019-10-04,1706452.26
2019-10-05,1706452.26
2019-10-06,1706452.26
2019-10-07,1706452.26
2019-10-08,1706452.26
2019-10-09,1706452.26
2019-10-10,1706452.26
2019-10-11,1706452.26
2019-10-12,1686452.26
2019-10-13,1686452.26
2019-10-14,1686452.26
2019-10-15,1686452.26
2019-10-16,1686452.26
2019-10-17,1686452.26
2019-10-18,1686452.26
2019-10-19,1686452.26
2019-10-20,1686452.26
2019-10-21,1686452.26
2019-10-22,1686452.26
2019-10-23,1686452.26
2019-10-24,1686452.26
2019-10-25,1686452.26
2019-10-26,1633731.75
2019-10-27,1633731.75
2019-10-28,1633731.75
2019-10-29,1632401.42
2019-10-30,1592401.42
2019-10-31,1590715.03
2019-11-01,1700715.03
2019-11-02,1596220.82
2019-11-03,1596220.82
2019-11-04,1596220.82
2019-11-05,1595949.69
2019-11-06,1592835.49
2019-11-07,1592486.96
2019-11-08,1592097.44
2019-11-09,1580246.67
2019-11-10,1575306.12
2019-11-11,1571864.11
2019-11-12,1565054.22
2019-11-13,1559332.96
2019-11-14,1559332.89
2019-11-15,1553803.38
2019-11-16,1543720.41
2019-11-17,1543720.41
2019-11-18,1543720.41
2019-11-19,1543720.41
2019-11-20,1543720.41
2019-11-21,1543720.41
2019-11-22,1543720.41
2019-11-23,1543720.41
2019-11-24,1543720.41
2019-11-25,1543720.41
2019-11-26,1543720.41
2019-11-27,1543720.41
2019-11-28,1543720.41
2019-11-29,1543720.41
2019-11-30,1503720.41
2019-12-01,1503720.41
2019-12-02,1644720.41
2019-12-03,1644720.41
2019-12-04,1670459.4
2019-12-05,1670459.4
2019-12-06,1670459.4
2019-12-07,1670459.4
2019-12-08,1692459.4
2019-12-09,1692459.4
2019-12-10,1692459.4
2019-12-11,1692459.4
2019-12-12,1692459.4
2019-12-13,1692459.4
2019-12-14,1692459.4
2019-12-15,1692459.4
2019-12-16,1692459.4
2019-12-17,1692459.4
2019-12-18,1692459.4
2019-12-19,1692459.4
2019-12-20,1692459.4
2019-12-21,1692459.4
2019-12-22,1692459.4
2019-12-23,1692459.4
2019-12-24,1692459.4
2019-12-25,1692459.4
2019-12-26,1692459.4
2019-12-27,1692459.4
2019-12-28,1692459.4
2019-12-29,1692459.4
2019-12-30,1652459.4
2019-12-31,1794975.4
2020-01-01,1794975.4
2020-01-02,1783567.09
2020-01-03,1783567.09
2020-01-04,1783567.09
2020-01-05,1783567.09
2020-01-06,1783567.09
2020-01-07,1783567.09
2020-01-08,1783567.09
2020-01-09,1783567.09
2020-01-10,1783567.09
2020-01-11,1850967.09
2020-01-12,1850967.09
2020-01-13,1850967.09
2020-01-14,1850967.09
2020-01-15,1850967.09
2020-01-16,1850467.09
2020-01-17,1850467.09
2020-01-18,1850467.09
2020-01-19,1850467.09
2020-01-20,1850467.09
2020-01-21,1850467.09
2020-01-22,1830467.09
2020-01-23,1830467.09
2020-01-24,1830467.09
2020-01-25,1830467.09
2020-01-26,1830467.09
2020-01-27,1830467.09
2020-01-28,1830467.09
2020-01-29,1830467.09
2020-01-30,1790467.09
2020-01-31,1790467.09
2020-02-01,1790467.09
2020-02-02,1790467.09
2020-02-03,1928633.09
2020-02-04,1930992.88
2020-02-05,1930992.88
2020-02-06,1930992.88
2020-02-07,1930992.88
2020-02-08,1930992.88
2020-02-09,1930992.88
2020-02-10,1930992.88
2020-02-11,1930992.88
2020-02-12,1930992.88
2020-02-13,1930992.88
2020-02-14,1930992.88
2020-02-15,1910992.88
2020-02-16,1910992.88
2020-02-17,1910992.88
2020-02-18,1910992.88
2020-02-19,1910992.88
2020-02-20,1910992.88
2020-02-21,1910992.88
2020-02-22,1910992.88
2020-02-23,1910992.88
2020-02-24,1910992.88
2020-02-25,1910992.88
2020-02-26,1910992.88
2020-02-27,1905992.88
2020-02-28,1905992.88
2020-02-29,1865992.88
2020-03-01,1977992.88
2020-03-02,1977992.88
2020-03-03,1977992.88
2020-03-04,1977992.88
2020-03-05,1965105.88
2020-03-06,1965105.88
2020-03-07,1965105.88
2020-03-08,1965105.88
2020-03-09,1965105.88
2020-03-10,1965105.88
2020-03-11,1965105.88
2020-03-12,1965105.88
2020-03-13,1965105.88
2020-03-14,1965105.88
2020-03-15,1965105.88
2020-03-16,1965105.88
2020-03-17,1965105.88
2020-03-18,1970105.88
2020-03-19,1970105.88
2020-03-20,1970105.88
2020-03-21,1970105.88
2020-03-22,1970105.88
2020-03-23,1970105.88
2020-03-24,1970105.88
2020-03-25,1970105.88
2020-03-26,1970105.88
2020-03-27,1970105.88
2020-03-28,1970105.88
2020-03-29,1879106.88
2020-03-30,1879106.88
2020-03-31,2031636.88
2020-04-01,2045885.13
2020-04-02,2031559.13
2020-04-03,2065559.13
2020-04-04,2065559.13
2020-04-05,2068551.13
2020-04-06,2068551.13
2020-04-07,2068551.13
2020-04-08,2068551.13
2020-04-09,2068551.13
2020-04-10,2068551.13
2020-04-11,2068551.13
2020-04-12,2038551.13
2020-04-13,2008551.13
2020-04-14,1978551.13
2020-04-15,1978551.13
2020-04-16,1995551.13
2020-04-17,1995551.13
2020-04-18,1995551.13
2020-04-19,1995551.13
2020-04-20,1995551.13
2020-04-21,1995551.13
2020-04-22,2000551.13
2020-04-23,2000551.13
2020-04-24,2000551.13
2020-04-25,2000551.13
2020-04-26,2000551.13
2020-04-27,2000551.13
2020-04-28,2000551.13
2020-04-29,1960551.13
2020-04-30,2091911.43
2020-05-01,2096750.43
2020-05-02,2084184.88
2020-05-03,2084285.88
2020-05-04,2004385.88
2020-05-05,2004435.88
2020-05-06,2004485.88
2020-05-07,2004485.88
2020-05-08,2004535.88
2020-05-09,2004535.88
2020-05-10,2004535.88
2020-05-11,2004635.88
2020-05-12,2004685.88
2020-05-13,2004735.88
2020-05-14,1974885.88
2020-05-15,2004885.88
2020-05-16,2004935.88
2020-05-17,2004985.88
2020-05-18,2005035.88
2020-05-19,2005085.88
2020-05-20,2007878.88
2020-05-21,2007928.88
2020-05-22,2007928.88
2020-05-23,2007938.88
2020-05-24,2008138.88
2020-05-25,1983188.88
2020-05-26,1983189.88
2020-05-27,1991193.88
2020-05-28,1991203.88
2020-05-29,2120731.45
2020-05-30,2120741.45
2020-05-31,2120741.45
2020-06-01,2120741.45
2020-06-02,2087746.45
2020-06-03,2075132.49
2020-06-04,2075132.49
2020-06-05,2075132.49
2020-06-06,2071132.49
2020-06-07,2071132.49
2020-06-08,2071132.49
2020-06-09,2071133.49
2020-06-10,2071143.49
2020-06-11,2071148.49
2020-06-12,2071148.49
2020-06-13,2071153.49
2020-06-14,2071153.49
2020-06-15,2071153.49
2020-06-16,2071153.49
2020-06-17,2071153.49
2020-06-18,2071153.49
2020-06-19,2028653.49
2020-06-20,2028653.49
2020-06-21,2028653.49
2020-06-22,2028653.49
2020-06-23,2028653.49
2020-06-24,2028653.49
2020-06-25,2028653.49
2020-06-26,2028653.49
2020-06-27,2028653.49
2020-06-28,2028653.49
2020-06-29,2028653.49
2020-06-30,2155626.49
2020-07-01,2155626.49
2020-07-02,2155626.49
2020-07-03,1905626.49
2020-07-04,1888126.49
2020-07-05,1888126.49
2020-07-06,1878126.49
2020-07-07,1878126.49
2020-07-08,1878126.49
2020-07-09,1868126.49
2020-07-10,1858126.49
2020-07-11,1858126.49
2020-07-12,1858126.49
2020-07-13,1858126.49
2020-07-14,1858126.49
2020-07-15,1868126.49
2020-07-16,1868126.49
2020-07-17,1819126.49
2020-07-18,1819126.49
2020-07-19,1819131.49
2020-07-20,1821912.49
2020-07-21,1821912.49
2020-07-22,1821912.49
2020-07-23,1821912.49
2020-07-24,1821912.49
2020-07-25,1821912.49
2020-07-26,1821912.49
2020-07-27,1821912.49
2020-07-28,1821912.49
2020-07-29,1821912.49
2020-07-30,1766398.49
2020-07-31,1919006.09
2020-08-01,1877518.21
2020-08-02,1877518.21
2020-08-03,1857518.21
2020-08-04,1857568.21
2020-08-05,1857568.21
2020-08-06,1857568.21
2020-08-07,1758593.21
2020-08-08,1758613.21
2020-08-09,1758623.21
2020-08-10,1758633.21
2020-08-11,1756959.8
2020-08-12,1756959.8
2020-08-13,1757959.8
2020-08-14,1757959.8
2020-08-15,1757959.8
2020-08-16,1758009.8
2020-08-17,1758009.8
2020-08-18,1758009.8
2020-08-19,1758009.8
2020-08-20,1758009.8
2020-08-21,1758009.8
2020-08-22,1758009.8
2020-08-23,1758009.8
2020-08-24,1758009.8
2020-08-25,1758009.8
2020-08-26,1758009.8
2020-08-27,1758009.8
2020-08-28,1758009.8
2020-08-29,1758009.8
2020-08-30,1702494.8
2020-08-31,1851010.65
2020-09-01,1851060.65
2020-09-02,1851070.65
2020-09-03,1851070.65
2020-09-04,1851120.65
2020-09-05,1836630.65
2020-09-06,1836640.65
2020-09-07,1836640.65
2020-09-08,1836640.65
2020-09-09,1836650.65
2020-09-10,1836650.65
2020-09-11,1836650.65
2020-09-12,1836650.65
2020-09-13,1836650.65
2020-09-14,1836650.65
2020-09-15,1836650.65
2020-09-16,1836650.65
2020-09-17,1836650.65
2020-09-18,1836650.65
2020-09-19,1836660.65
2020-09-20,1836670.65
2020-09-21,1836670.65
2020-09-22,1836680.65
2020-09-23,1836690.65
2020-09-24,1836700.65
2020-09-25,1836700.65
2020-09-26,1836700.65
2020-09-27,1836700.65
2020-09-28,1836710.65
2020-09-29,1836810.65
2020-09-30,1938305.6
2020-10-01,1938305.6
2020-10-02,1938315.6
2020-10-03,1938315.6
2020-10-04,1938325.6
2020-10-05,1938325.6
2020-10-06,1938325.6
2020-10-07,1938325.6
2020-10-08,1938325.6
2020-10-09,1938325.6
2020-10-10,1938335.6
2020-10-11,1938345.6
2020-10-12,1938345.6
2020-10-13,1938355.6
2020-10-14,1938355.6
2020-10-15,1938355.6
2020-10-16,1938355.6
2020-10-17,1938355.6
2020-10-18,1938355.6
2020-10-19,1938355.6
2020-10-20,1938355.6
2020-10-21,1938355.6
2020-10-22,2006166.6
2020-10-23,2006166.6
2020-10-24,2006166.6
2020-10-25,2019166.6
2020-10-26,2019166.6
2020-10-27,2019166.6
2020-10-28,2019166.6
2020-10-29,2019166.6
2020-10-30,2118127.6
2020-10-31,2118127.6
2020-11-01,2118127.6
2020-11-02,2118127.6
2020-11-03,2118127.6
2020-11-04,2118127.6
2020-11-05,2100627.6
2020-11-06,2100627.6
2020-11-07,2100627.6
2020-11-08,2100627.6
2020-11-09,2100627.6
2020-11-10,2100776.6
2020-11-11,2100776.6
2020-11-12,2100776.6
2020-11-13,2100776.6
2020-11-14,2100776.6
2020-11-15,2100786.6
2020-11-16,2100786.6
2020-11-17,2100786.6
2020-11-18,2100796.6
2020-11-19,2100796.6
2020-11-20,2100796.6
2020-11-21,2100796.6
2020-11-22,2100806.6
2020-11-23,2100806.6
2020-11-24,2100856.6
2020-11-25,2100856.6
2020-11-26,2100856.6
2020-11-27,2100856.6
2020-11-28,2100856.6
2020-11-29,2100856.6
2020-11-30,2181479.79
2020-12-01,2181479.79
2020-12-02,2181479.79
2020-12-03,2181479.79
2020-12-04,2181479.79
2020-12-05,2181479.79
2020-12-06,2181479.79
2020-12-07,2181479.79
2020-12-08,2231809.79
2020-12-09,2231809.79
2020-12-10,2231809.79
2020-12-11,2231809.79
2020-12-12,2231809.79
2020-12-13,2231809.79
2020-12-14,2231859.79
2020-12-15,2231859.79
2020-12-16,2231859.79
2020-12-17,2231859.79
2020-12-18,2231859.79
2020-12-19,2231859.79
2020-12-20,2231859.79
2020-12-21,2231859.79
2020-12-22,2231859.79
2020-12-23,2231859.79
2020-12-24,2242541.79
2020-12-25,2242551.79
2020-12-26,2242561.79
2020-12-27,2242571.79
2020-12-28,2242571.79
2020-12-29,2242571.79
2020-12-30,2242631.79
2020-12-31,2378391.17
2021-01-01,2378391.17
2021-01-02,2378391.17
2021-01-03,2378391.17
2021-01-04,2320901.17
2021-01-05,2320901.17
2021-01-06,2321701.17
2021-01-07,2321711.17
2021-01-08,2322711.17
2021-01-09,2322711.17
2021-01-10,2322711.17
2021-01-11,2322711.17
2021-01-12,2322711.17
2021-01-13,2322711.17
2021-01-14,2322711.17
2021-01-15,2322711.17
2021-01-16,2322711.17
2021-01-17,2322711.17
2021-01-18,2322711.17
2021-01-19,2322711.17
2021-01-20,2222711.17
2021-01-21,2222711.17
2021-01-22,2122711.17
2021-01-23,2122711.17
2021-01-24,2122711.17
2021-01-25,2122711.17
2021-01-26,2197461.17
2021-01-27,2197461.17
2021-01-28,2197461.17
2021-01-29,2436016.17
2021-01-30,2380501.17
2021-01-31,2380501.17
2021-02-01,2380501.17
2021-02-02,2330501.17
2021-02-03,2330501.17
2021-02-04,2330501.17
2021-02-05,1980448.17
2021-02-06,1454448.17
2021-02-07,1454448.17
2021-02-08,1436448.17
2021-02-09,1436448.17
2021-02-10,1794492.94
2021-02-11,1794492.94
2021-02-12,1794492.94
2021-02-13,1794492.94
2021-02-14,1794492.94
2021-02-15,1794492.94
2021-02-16,1794492.94
2021-02-17,1794492.94
2021-02-18,1794492.94
2021-02-19,1794492.94
2021-02-20,1794492.94
2021-02-21,1794492.94
2021-02-22,1694492.94
2021-02-23,1694492.94
2021-02-24,1694492.94
2021-02-25,1694492.94
2021-02-26,1749135.94
2021-02-27,1749135.94
2021-02-28,1749135.94
2021-03-01,1749135.94
2021-03-02,1749135.94
2021-03-03,1599135.94
2021-03-04,1599135.94
2021-03-05,1599135.94
2021-03-06,1599135.94
2021-03-07,1599135.94
2021-03-08,1599135.94
2021-03-09,1599135.94
2021-03-10,1599135.94
2021-03-11,1599135.94
2021-03-12,1599135.94
2021-03-13,1749651.94
2021-03-14,1749651.94
2021-03-15,1749651.94
2021-03-16,1749651.94
2021-03-17,1749651.94
2021-03-18,1749651.94
2021-03-19,1749651.94
2021-03-20,1749651.94
2021-03-21,1749651.94
2021-03-22,1749651.94
2021-03-23,1749651.94
2021-03-24,1749651.94
2021-03-25,1749651.94
2021-03-26,1749651.94
2021-03-27,1749651.94
2021-03-28,1694136.94
2021-03-29,1694136.94
2021-03-30,1294136.94
2021-03-31,1451444.89
2021-04-01,1451444.89
2021-04-02,1451444.89
2021-04-03,1451444.89
2021-04-04,1451444.89
2021-04-05,1451444.89
2021-04-06,1451444.89
2021-04-07,1451444.89
2021-04-08,1451444.89
2021-04-09,1451444.89
2021-04-10,1459040.89
2021-04-11,1459040.89
2021-04-12,1459040.89
2021-04-13,1459040.89
2021-04-14,1459040.89
2021-04-15,1459040.89
2021-04-16,1459040.89
2021-04-17,1459040.89
2021-04-18,1459040.89
2021-04-19,1459040.89
2021-04-20,1459040.89
2021-04-21,1459040.89
2021-04-22,1459040.89
2021-04-23,1459040.89
2021-04-24,1459040.89
2021-04-25,1462374.39
2021-04-26,1462374.39
2021-04-27,1462374.39
2021-04-28,1406859.39
2021-04-29,1406859.39
2021-04-30,1406859.39
2021-05-01,1406859.39
2021-05-02,1406859.39
2021-05-03,1428394.69
2021-05-04,1428394.69
2021-05-05,1428394.69
2021-05-06,1436140.23
2021-05-07,1436140.23
2021-05-08,1436140.23
2021-05-09,1406140.23
2021-05-10,1406140.23
2021-05-11,1406140.23
2021-05-12,1406140.23
2021-05-13,1406140.23
2021-05-14,1406140.23
2021-05-15,1406140.23
2021-05-16,1406140.23
2021-05-17,1406140.23
2021-05-18,1406140.23
2021-05-19,1406140.23
2021-05-20,1406140.23
2021-05-21,1406140.23
2021-05-22,1406140.23
2021-05-23,1406140.23
2021-05-24,1406140.23
2021-05-25,1406140.23
2021-05-26,1406140.23
2021-05-27,1406140.23
2021-05-28,1350625.23
2021-05-29,1350625.23
2021-05-30,1350625.23
2021-05-31,1442007.23
2021-06-01,1442007.23
2021-06-02,1392007.23
2021-06-03,1392007.23
2021-06-04,1392007.23
2021-06-05,1392007.23
2021-06-06,1392007.23
2021-06-07,1392007.23
2021-06-08,1392007.23
2021-06-09,1392007.23
2021-06-10,1392007.23
2021-06-11,1392007.23
2021-06-12,1392007.23
2021-06-13,1392007.23
2021-06-14,1392007.23
2021-06-15,1392007.23
2021-06-16,1392007.23
2021-06-17,1392007.23
2021-06-18,1392007.23
2021-06-19,1392007.23
2021-06-20,1392007.23
2021-06-21,1392007.23
2021-06-22,1392007.23
2021-06-23,1360547.23
2021-06-24,1360547.23
2021-06-25,1360547.23
2021-06-26,1360547.23
2021-06-27,1335447.23
2021-06-28,1279932.23
2021-06-29,1279932.23
2021-06-30,1480350.23
2021-07-01,1480350.23
2021-07-02,1480350.23
2021-07-03,1480350.23
2021-07-04,1480350.23
2021-07-05,1155253.23
2021-07-06,1155253.23
2021-07-07,1155253.23
2021-07-08,1155253.23
2021-07-09,1155253.23
2021-07-10,1155263.23
2021-07-11,1155263.23
2021-07-12,1155283.23
2021-07-13,1155283.23
2021-07-14,1155283.23
2021-07-15,1155283.23
2021-07-16,1155283.23
2021-07-17,1155283.23
2021-07-18,1155283.23
2021-07-19,1155283.23
2021-07-20,1155283.23
2021-07-21,1155293.23
2021-07-22,1155293.23
2021-07-23,1155293.23
2021-07-24,1155293.23
2021-07-25,1155293.23
2021-07-26,1155293.23
2021-07-27,1155293.23
2021-07-28,1099778.23
2021-07-29,1099778.23
2021-07-30,1209280.28
2021-07-31,1209280.28
2021-08-01,1209280.28
2021-08-02,1209280.28
2021-08-03,1209280.28
2021-08-04,1192780.28
2021-08-05,1192780.28
2021-08-06,1192780.28
2021-08-07,1192780.28
2021-08-08,1192780.28
2021-08-09,1192780.28
2021-08-10,1192780.28
2021-08-11,1192780.28
2021-08-12,1192780.28
2021-08-13,1192780.28
2021-08-14,1192780.28
2021-08-15,1192780.28
2021-08-16,1187795.28
2021-08-17,1187795.28
2021-08-18,1171495.28
2021-08-19,1171495.28
2021-08-20,1171495.28
2021-08-21,1171495.28
2021-08-22,1164495.28
2021-08-23,1164495.28
2021-08-24,1164495.28
2021-08-25,1164495.28
2021-08-26,1152255.28
2021-08-27,1152255.28
2021-08-28,1096740.28
2021-08-29,1096740.28
2021-08-30,1096750.28
2021-08-31,1191767.24
2021-09-01,1191767.24
2021-09-02,1191767.24
2021-09-03,1191767.24
2021-09-04,1191767.24
2021-09-05,1191767.24
2021-09-06,1191767.24
2021-09-07,1191767.24
2021-09-08,1191767.24
2021-09-09,1291767.24
2021-09-10,1291767.24
2021-09-11,1291767.24
2021-09-12,1291767.24
2021-09-13,1291767.24
2021-09-14,1291767.24
2021-09-15,1291767.24
2021-09-16,1291767.24
2021-09-17,1291767.24
2021-09-18,1291777.24
2021-09-19,1292617.24
2021-09-20,1292617.24
2021-09-21,1292617.24
2021-09-22,1292617.24
2021-09-23,1292617.24
2021-09-24,1292617.24
2021-09-25,1292617.24
2021-09-26,1292617.24
2021-09-27,1292627.24
2021-09-28,1237112.24
2021-09-29,1237112.24
2021-09-30,1364543.24
2021-10-01,1364543.24
2021-10-02,1364543.24
2021-10-03,1364543.24
2021-10-04,1371109.29
2021-10-05,1371109.29
2021-10-06,1371109.29
2021-10-07,1371109.29
2021-10-08,1371109.29
2021-10-09,1371109.29
2021-10-10,1371109.29
2021-10-11,1371109.29
2021-10-12,1371109.29
2021-10-13,1371109.29
2021-10-14,1371109.29
2021-10-15,1371109.29
2021-10-16,1371109.29
2021-10-17,1371109.29
2021-10-18,1371109.29
2021-10-19,1371109.29
2021-10-20,1371109.29
2021-10-21,1371109.29
2021-10-22,1371109.29
2021-10-23,1371109.29
2021-10-24,1371109.29
2021-10-25,1371109.29
2021-10-26,1374762.29
2021-10-27,1374762.29
2021-10-28,1319247.29
2021-10-29,1457144.34
2021-10-30,1457144.34
2021-10-31,1457144.34
2021-11-01,1457144.34
2021-11-02,1457144.34
2021-11-03,1457144.34
2021-11-04,1457144.34
2021-11-05,1457144.34
2021-11-06,1457144.34
2021-11-07,1457144.34
2021-11-08,1457144.34
2021-11-09,1447144.34
2021-11-10,1447144.34
2021-11-11,1447144.34
2021-11-12,1447144.34
2021-11-13,1447144.34
2021-11-14,1447144.34
2021-11-15,1447144.34
2021-11-16,1447144.34
2021-11-17,1447144.34
2021-11-18,1437144.34
2021-11-19,1437144.34
2021-11-20,1437144.34
2021-11-21,1437144.34
2021-11-22,1437144.34
2021-11-23,1437144.34
2021-11-24,1437144.34
2021-11-25,1437144.34
2021-11-26,1437144.34
2021-11-27,1437144.34
2021-11-28,1381629.34
2021-11-29,1381629.34
2021-11-30,1466807.74
2021-12-01,1466807.74
2021-12-02,1466807.74
2021-12-03,1466807.74
2021-12-04,1466807.74
2021-12-05,1466807.74
2021-12-06,1466807.74
2021-12-07,1466807.74
2021-12-08,1361807.74
2021-12-09,1361807.74
2021-12-10,1361807.74
2021-12-11,1361807.74
2021-12-12,1361807.74
2021-12-13,1465872.87
2021-12-14,1465872.87
2021-12-15,1511492.87
2021-12-16,1275492.87
2021-12-17,1275492.87
2021-12-18,1275492.87
2021-12-19,1275492.87
2021-12-20,1275492.87
2021-12-21,1275492.87
2021-12-22,1495492.96
2021-12-23,1495492.96
2021-12-24,1495492.96
2021-12-25,1495492.96
2021-12-26,1495492.96
2021-12-27,1495492.96
2021-12-28,1439977.96
2021-12-29,1448231.96
2021-12-30,1448231.96
2021-12-31,1469145.96
2022-01-01,1469145.96
2022-01-02,1469145.96
2022-01-03,1487082.82
2022-01-04,1487082.82
2022-01-05,1487082.82
2022-01-06,1487082.82
2022-01-07,1437082.82
2022-01-08,1437082.82
2022-01-09,1437082.82
2022-01-10,1437082.82
2022-01-11,1437082.82
2022-01-12,1439382.82
2022-01-13,1439382.82
2022-01-14,1439382.82
2022-01-15,1439382.82
2022-01-16,1439382.82
2022-01-17,1439382.82
2022-01-18,1439382.82
2022-01-19,1439382.82
2022-01-20,1439382.82
2022-01-21,1439382.82
2022-01-22,1439382.82
2022-01-23,1439382.82
2022-01-24,1439382.82
2022-01-25,1439382.82
2022-01-26,1439382.82
2022-01-27,1439382.82
2022-01-28,1383867.82
2022-01-29,1383867.82
2022-01-30,1383867.82
2022-01-31,1500000.0
2022-02-01,1500000.0
2022-02-02,1500000.0
2022-02-03,1500000.0
2022-02-04,1500000.0
2022-02-05,1500000.0
2022-02-06,1500000.0
2022-02-07,1550000.0
2022-02-08,1551599.0
2022-02-09,1551599.0
2022-02-10,1551599.0
2022-02-11,1566159.0
2022-02-12,1566159.0
2022-02-13,1566159.0
2022-02-14,1566159.0
2022-02-15,1566159.0
2022-02-16,1566159.0
2022-02-17,1566159.0
2022-02-18,1566159.0
2022-02-19,1566159.0
2022-02-20,1566159.0
2022-02-21,1566159.0
2022-02-22,1566159.0
2022-02-23,1566159.0
2022-02-24,1566159.0
2022-02-25,1566159.0
2022-02-26,1566159.0
2022-02-27,1566159.0
2022-02-28,1555515.0
2022-03-01,1555515.0
2022-03-02,1555515.0
2022-03-03,1555515.0
2022-03-04,1555515.0
2022-03-05,1555515.0
2022-03-06,1555515.0
2022-03-07,1555515.0
2022-03-08,1555515.0
2022-03-09,1555515.0
2022-03-10,1555515.0
2022-03-11,1555515.0
2022-03-12,1555515.0
2022-03-13,1555515.0
2022-03-14,1555515.0
2022-03-15,1555515.0
2022-03-16,1555515.0
2022-03-17,1555515.0
2022-03-18,1555515.0
2022-03-19,1555515.0
2022-03-20,1555515.0
2022-03-21,1555515.0
2022-03-22,1555515.0
2022-03-23,1555515.0
2022-03-24,1555515.0
2022-03-25,1555515.0
2022-03-26,1555515.0
2022-03-27,1555515.0
2022-03-28,1444485.0
2022-03-29,1444485.0
2022-03-30,1444485.0
2022-03-31,1526248.08
2022-04-01,1526248.08
2022-04-02,1526248.08
2022-04-03,1526248.08
2022-04-04,1526248.08
2022-04-05,1526248.08
2022-04-06,1526248.08
2022-04-07,1526248.08
2022-04-08,1526248.08
2022-04-09,1526248.08
2022-04-10,1526248.08
2022-04-11,1526248.08
2022-04-12,1526248.08
2022-04-13,1526248.08
2022-04-14,1526248.08
2022-04-15,1526248.08
2022-04-16,1526248.08
2022-04-17,1526248.08
2022-04-18,1526248.08
2022-04-19,1526248.08
2022-04-20,1526248.08
2022-04-21,1526248.08
2022-04-22,1526248.08
2022-04-23,1526248.08
2022-04-24,1526248.08
2022-04-25,1526248.08
2022-04-26,1526248.08
2022-04-27,1526248.08
2022-04-28,1470733.08
2022-04-29,1664615.32
2022-04-30,1664615.32
2022-05-01,1544615.32
2022-05-02,1544615.32
2022-05-03,1544615.32
2022-05-04,1544615.32
2022-05-05,1544615.32
2022-05-06,1544615.32
2022-05-07,1544615.32
2022-05-08,1544615.32
2022-05-09,1544615.32
2022-05-10,1544615.32
2022-05-11,1544615.32
2022-05-12,1354615.32
2022-05-13,1344615.32
2022-05-14,1344615.32
2022-05-15,1344615.32
2022-05-16,1344615.32
2022-05-17,1344615.32
2022-05-18,1344615.32
2022-05-19,1344615.32
2022-05-20,1344615.32
2022-05-21,1344615.32
2022-05-22,1344615.32
2022-05-23,1344615.32
2022-05-24,1344615.32
2022-05-25,1344615.32
2022-05-26,1273115.32
2022-05-27,1273115.32
2022-05-28,1217600.32
2022-05-29,1217600.32
2022-05-30,1217600.32
2022-05-31,1417599.32
2022-06-01,1417599.32
2022-06-02,1637599.32
2022-06-03,1637599.32
2022-06-04,1637599.32
2022-06-05,1637599.32
2022-06-06,1637599.32
2022-06-07,1637599.32
2022-06-08,1637599.32
2022-06-09,1637599.32
2022-06-10,1637599.32
2022-06-11,1637599.32
2022-06-12,1637599.32
2022-06-13,1637599.32
2022-06-14,1637599.32
2022-06-15,1637599.32
2022-06-16,1637599.32
2022-06-17,1637599.32
2022-06-18,1637599.32
2022-06-19,1637649.32
2022-06-20,1637649.32
2022-06-21,1637649.32
2022-06-22,1637649.32
2022-06-23,1637649.32
2022-06-24,1637649.32
2022-06-25,1637649.32
2022-06-26,1637649.32
2022-06-27,1637649.32
2022-06-28,1582134.32
2022-06-29,1582134.32
2022-06-30,1665526.32
2022-07-01,1665526.32
2022-07-02,1665526.32
2022-07-03,1665526.32
2022-07-04,1665526.32
2022-07-05,1665526.32
2022-07-06,1465526.32
2022-07-07,1465526.32
2022-07-08,1465526.32
2022-07-09,1465526.32
2022-07-10,1465526.32
2022-07-11,1465526.32
2022-07-12,1465526.32
2022-07-13,1465526.32
2022-07-14,1465526.32
2022-07-15,1465526.32
2022-07-16,1465526.32
2022-07-17,1465526.32
2022-07-18,1465526.32
2022-07-19,1465526.32
2022-07-20,1465526.32
2022-07-21,1465526.32
2022-07-22,1465526.32
2022-07-23,1465526.32
2022-07-24,1465526.32
2022-07-25,1465526.32
2022-07-26,1465526.32
2022-07-27,1465526.32
2022-07-28,1410011.32
2022-07-29,1500000.82
2022-07-30,1500000.82
2022-07-31,1500000.82
2022-08-01,1500000.82
2022-08-02,1500000.82
2022-08-03,1500000.82
2022-08-04,1610000.82
2022-08-05,1610000.82
2022-08-06,1610001.82
2022-08-07,1610001.82
2022-08-08,1610001.82
2022-08-09,1610001.82
2022-08-10,1610001.82
2022-08-11,1610001.82
2022-08-12,1610001.82
2022-08-13,1610001.82
2022-08-14,1610001.82
2022-08-15,1610001.82
2022-08-16,1610001.82
2022-08-17,1610001.82
2022-08-18,1610001.82
2022-08-19,1610001.82
2022-08-20,1610001.82
2022-08-21,1610001.82
2022-08-22,1610001.82
2022-08-23,1610001.82
2022-08-24,1610001.82
2022-08-25,1610001.82
2022-08-26,1610001.82
2022-08-27,1610001.82
2022-08-28,1554486.82
2022-08-29,1760014.07
2022-08-30,1760014.07
2022-08-31,1760014.07
2022-09-01,1760014.07
2022-09-02,1770014.07
2022-09-03,1770014.07
2022-09-04,1770014.07
2022-09-05,1770014.07
2022-09-06,1770014.07
2022-09-07,1770014.07
2022-09-08,1770014.07
2022-09-09,1770014.07
2022-09-10,1770014.07
2022-09-11,1770014.07
2022-09-12,1770014.07
2022-09-13,1770014.07
2022-09-14,1552014.07
2022-09-15,1552014.07
2022-09-16,1552014.07
2022-09-17,1552014.07
2022-09-18,1552014.07
2022-09-19,1552014.07
2022-09-20,1552014.07
2022-09-21,1552014.07
2022-09-22,1746248.58
2022-09-23,1746248.58
2022-09-24,1746248.58
2022-09-25,1746248.58
2022-09-26,1746248.58
2022-09-27,1746248.58
2022-09-28,1576733.58
2022-09-29,1576733.58
2022-09-30,1742289.58
2022-10-01,1742289.58
2022-10-02,1742289.58
2022-10-03,1732289.58
2022-10-04,1732289.58
2022-10-05,1732289.58
2022-10-06,1846504.06
2022-10-07,1846504.06
2022-10-08,1846504.06
2022-10-09,1846504.06
2022-10-10,1846504.06
2022-10-11,1846504.06
2022-10-12,1846504.06
2022-10-13,1846504.06
2022-10-14,1846504.06
2022-10-15,1846504.06
2022-10-16,1846504.06
2022-10-17,1471504.06
2022-10-18,1471504.06
2022-10-19,1471504.06
2022-10-20,1471504.06
2022-10-21,1471504.06
2022-10-22,1471504.06
2022-10-23,1471504.06
2022-10-24,1071504.06
2022-10-25,1071504.06
2022-10-26,1071504.06
2022-10-27,1071504.06
2022-10-28,1121764.37
2022-10-29,1121764.37
2022-10-30,1071764.37
2022-10-31,1021764.37
2022-11-01,1001764.37
2022-11-02,1001764.37
2022-11-03,1001764.37
2022-11-04,1001764.37
2022-11-05,1001764.37
2022-11-06,999264.37
2022-11-07,984264.37
2022-11-08,1088264.37
2022-11-09,1088264.37
2022-11-10,1209464.37
2022-11-11,1199464.37
2022-11-12,1199464.37
2022-11-13,1196964.37
2022-11-14,1196964.37
2022-11-15,1196964.37
2022-11-16,1196964.37
2022-11-17,1196964.37
2022-11-18,1196964.37
2022-11-19,1196964.37
2022-11-20,1194464.37
2022-11-21,1194464.37
2022-11-22,1194464.37
2022-11-23,1138464.37
2022-11-24,1138464.37
2022-11-25,1138464.37
2022-11-26,1139464.37
2022-11-27,1136964.37
2022-11-28,1081449.37
2022-11-29,1081449.37
2022-11-30,1031449.37
2022-12-01,1031449.37
2022-12-02,1031449.37
2022-12-03,1067764.06
2022-12-04,1060264.06
2022-12-05,1060264.06
2022-12-06,1060264.06
2022-12-07,1147391.31
2022-12-08,1127391.31
2022-12-09,1127391.31
2022-12-10,1127391.31
2022-12-11,1119891.31
2022-12-12,1119891.31
2022-12-13,965891.31
2022-12-14,965891.31
2022-12-15,965891.31
2022-12-16,965891.31
2022-12-17,1109891.31
2022-12-18,1102391.31
2022-12-19,1102391.31
2022-12-20,1102391.31
2022-12-21,1102391.31
2022-12-22,1102391.31
2022-12-23,1102391.31
2022-12-24,1102391.31
2022-12-25,1094891.31
2022-12-26,1094891.31
2022-12-27,1094891.31
2022-12-28,1039376.31
2022-12-29,1039376.31
2022-12-30,989376.31
2022-12-31,1007686.31
2023-01-01,1224732.29
2023-01-02,1224732.29
2023-01-03,1287516.0
2023-01-04,1287516.0
2023-01-05,1287516.0
2023-01-06,1287566.0
2023-01-07,1287616.0
2023-01-08,1280166.0
2023-01-09,1280166.0
2023-01-10,1180166.0
2023-01-11,1180216.0
2023-01-12,1180216.0
2023-01-13,1180216.0
2023-01-14,1180216.0
2023-01-15,1172716.0
2023-01-16,1172716.0
2023-01-17,1191660.52
2023-01-18,1191660.52
2023-01-19,1191660.52
2023-01-20,1191660.52
2023-01-21,1191660.52
2023-01-22,1184160.52
2023-01-23,1184160.52
2023-01-24,1184160.52
2023-01-25,1184160.52
2023-01-26,1184160.52
2023-01-27,1184160.52
2023-01-28,1098645.52
2023-01-29,1091145.52
2023-01-30,1091145.52
2023-01-31,1313749.52
2023-02-01,1313749.52
2023-02-02,1313749.52
2023-02-03,1313749.52
2023-02-04,1335324.52
2023-02-05,1327824.52
2023-02-06,1327824.52
2023-02-07,1327824.52
2023-02-08,1327824.52
2023-02-09,1327824.52
2023-02-10,1227824.52
2023-02-11,1227824.52
2023-02-12,1220324.52
2023-02-13,1220324.52
2023-02-14,1270324.52
2023-02-15,1270324.52
2023-02-16,1253324.52
2023-02-17,1253324.52
2023-02-18,1253324.52
2023-02-19,1245824.52
2023-02-20,988424.52
2023-02-21,988424.52
2023-02-22,988424.52
2023-02-23,988424.52
2023-02-24,988424.52
2023-02-25,1123424.52
2023-02-26,1115924.52
2023-02-27,1239026.32
2023-02-28,1403527.82
2023-03-01,1403527.82
2023-03-02,1403527.82
2023-03-03,1211527.82
2023-03-04,1211527.82
2023-03-05,1204027.82
2023-03-06,1204027.82
2023-03-07,1205528.57
2023-03-08,1205528.57
2023-03-09,1205528.57
2023-03-10,1297278.57
2023-03-11,1297278.57
2023-03-12,1289778.57
2023-03-13,1289778.57
2023-03-14,1343678.57
2023-03-15,1343678.57
2023-03-16,1379995.78
2023-03-17,1379995.78
2023-03-18,1379995.78
2023-03-19,1372495.78
2023-03-20,1372495.78
2023-03-21,1372495.78
2023-03-22,1372495.78
2023-03-23,1372495.78
2023-03-24,1372495.78
2023-03-25,1372495.78
2023-03-26,1364995.78
2023-03-27,1349294.78
2023-03-28,1243779.78
2023-03-29,1293779.78
2023-03-30,1293779.78
2023-03-31,1540715.78
2023-04-01,1540715.78
2023-04-02,1290215.78
2023-04-03,1221715.78
2023-04-04,1221715.78
2023-04-05,1533205.4
2023-04-06,1340205.4
2023-04-07,1341943.22
2023-04-08,1362096.19
2023-04-09,1342096.19
2023-04-10,1292096.19
2023-04-11,1292096.19
2023-04-12,1292096.19
2023-04-13,1292096.19
2023-04-14,1292096.19
2023-04-15,1292096.19
2023-04-16,1272096.19
2023-04-17,1272096.19
2023-04-18,1272096.19
2023-04-19,1272096.19
2023-04-20,1291859.06
2023-04-21,1291859.06
2023-04-22,1291859.06
2023-04-23,1271859.06
2023-04-24,1278859.06
2023-04-25,1278859.06
2023-04-26,1278859.06
2023-04-27,1278859.06
2023-04-28,1446110.66
2023-04-29,1446110.66
2023-04-30,1436110.66
2023-05-01,1336110.66
2023-05-02,1336110.66
2023-05-03,1294992.66
2023-05-04,1386109.95
2023-05-05,1386109.95
2023-05-06,1386109.95
2023-05-07,1376129.95
2023-05-08,1368129.95
2023-05-09,1368129.95
2023-05-10,1117642.37
2023-05-11,1117642.37
2023-05-12,1117642.37
2023-05-13,1117642.37
2023-05-14,1107642.37
2023-05-15,1107642.37
2023-05-16,1110696.73
2023-05-17,1260696.73
2023-05-18,1260696.73
2023-05-19,1260696.73
2023-05-20,1288837.33
2023-05-21,1278837.33
2023-05-22,1278837.33
2023-05-23,1278837.33
2023-05-24,1278837.33
2023-05-25,1278837.33
2023-05-26,1278837.33
2023-05-27,1278837.33
2023-05-28,1213322.33
2023-05-29,1213322.33
2023-05-30,1213322.33
2023-05-31,1452712.87
2023-06-01,1452712.87
2023-06-02,1452807.87
2023-06-03,1452807.87
2023-06-04,1442807.87
2023-06-05,1442807.87
2023-06-06,1339067.87
2023-06-07,1339067.87
2023-06-08,1339067.87
2023-06-09,1339067.87
2023-06-10,1279067.87
2023-06-11,1269067.87
2023-06-12,1269067.87
2023-06-13,1149067.87
2023-06-14,1253347.87
2023-06-15,1253347.87
2023-06-16,1227347.87
2023-06-17,1227347.87
2023-06-18,1217347.87
2023-06-19,1217347.87
2023-06-20,1237347.87
2023-06-21,1223847.87
2023-06-22,1223847.87
2023-06-23,1225462.1
2023-06-24,1225462.1
2023-06-25,1215462.1
2023-06-26,1215462.1
2023-06-27,1215462.1
2023-06-28,1159947.1
2023-06-29,984947.1
2023-06-30,1186136.55
2023-07-01,1186136.55
2023-07-02,1201136.55
2023-07-03,1061136.55
2023-07-04,1061136.55
2023-07-05,1201136.55
2023-07-06,1259636.55
2023-07-07,1259636.55
2023-07-08,1401636.55
2023-07-09,1391636.55
2023-07-10,1331636.55
2023-07-11,1249636.55
2023-07-12,1249636.55
2023-07-13,1249636.55
2023-07-14,1249636.55
2023-07-15,1249636.55
2023-07-16,1231636.55
2023-07-17,1231636.55
2023-07-18,1231636.55
2023-07-19,1146636.55
2023-07-20,1146636.55
2023-07-21,1146636.55
2023-07-22,1146636.55
2023-07-23,1136636.55
2023-07-24,1136636.55
2023-07-25,1196636.55
2023-07-26,1196636.55
2023-07-27,1185636.55
2023-07-28,1130121.55
2023-07-29,1135641.99
2023-07-30,1125641.99
2023-07-31,1326547.79
2023-08-01,1446547.79
2023-08-02,1446547.79
2023-08-03,1446547.79
2023-08-04,1446547.79
2023-08-05,1446547.79
2023-08-06,1436547.79
2023-08-07,1336547.79
2023-08-08,1436547.79
2023-08-09,1436547.79
2023-08-10,1376547.79
2023-08-11,1376547.79
2023-08-12,1376547.79
2023-08-13,1226547.79
2023-08-14,1166547.79
2023-08-15,1166547.79
2023-08-16,1136547.79
2023-08-17,1274720.92
2023-08-18,1274720.92
2023-08-19,1274720.92
2023-08-20,1264720.92
2023-08-21,1330907.03
2023-08-22,1330907.03
2023-08-23,1232627.03
2023-08-24,1232627.03
2023-08-25,1232627.03
2023-08-26,1232627.03
2023-08-27,1222627.03
2023-08-28,1167112.03
2023-08-29,1265392.03
2023-08-30,1265392.03
2023-08-31,1500539.9
2023-09-01,1440539.9
2023-09-02,1446916.65
2023-09-03,1436916.65
2023-09-04,1436916.65
2023-09-05,1436916.65
2023-09-06,1436916.65
2023-09-07,1436916.65
2023-09-08,1436916.65
2023-09-09,1436916.65
2023-09-10,1366916.65
2023-09-11,1366916.65
2023-09-12,1366916.65
2023-09-13,1366916.65
2023-09-14,1366916.65
2023-09-15,1366916.65
2023-09-16,1366916.65
2023-09-17,1356914.65
2023-09-18,1356914.65
2023-09-19,1356914.65
2023-09-20,1356914.65
2023-09-21,1356914.65
2023-09-22,1356914.65
2023-09-23,1356914.65
2023-09-24,1346914.65
2023-09-25,1346914.65
2023-09-26,720538.65
2023-09-27,720538.65
2023-09-28,665023.65
2023-09-29,1240022.31
2023-09-30,1258903.31
2023-10-01,1248903.31
2023-10-02,1248903.31
2023-10-03,1072903.31
2023-10-04,1072903.31
2023-10-05,1072903.31
2023-10-06,1072903.31
2023-10-07,1188768.42
2023-10-08,1178768.42
2023-10-09,1178768.42
2023-10-10,1294750.92
2023-10-11,1294750.92
2023-10-12,1259750.92
2023-10-13,1259750.92
2023-10-14,1261905.13
2023-10-15,1251905.13
2023-10-16,1251905.13
2023-10-17,1251905.13
2023-10-18,1251905.13
2023-10-19,1251905.13
2023-10-20,1251905.13
2023-10-21,1251905.13
2023-10-22,1241905.13
2023-10-23,1066905.13
2023-10-24,1066905.13
2023-10-25,1066905.13
2023-10-26,1112058.21
2023-10-27,1112058.21
2023-10-28,1056543.21
2023-10-29,1046543.21
2023-10-30,1046543.21
2023-10-31,1269984.71
2023-11-01,1159984.71
2023-11-02,959984.71
2023-11-03,959984.71
2023-11-04,1225988.26
2023-11-05,1216008.26
2023-11-06,1216008.26
2023-11-07,1016282.26
2023-11-08,1016282.26
2023-11-09,1016282.26
2023-11-10,1266008.26
2023-11-11,1266008.26
2023-11-12,1256008.26
2023-11-13,1156008.26
2023-11-14,1156008.26
2023-11-15,1156008.26
2023-11-16,1167757.33
2023-11-17,1167757.33
2023-11-18,1167757.33
2023-11-19,1159757.33
2023-11-20,1159757.33
2023-11-21,1159757.33
2023-11-22,1159757.33
2023-11-23,1159757.33
2023-11-24,1159757.33
2023-11-25,1159757.33
2023-11-26,1151757.33
2023-11-27,1086757.33
2023-11-28,1031242.33
2023-11-29,1031242.33
2023-11-30,1341620.96
2023-12-01,1316620.96
2023-12-02,1316620.96
2023-12-03,1308620.96
2023-12-04,1302463.66
2023-12-05,1308620.96
2023-12-06,1308620.96
2023-12-07,1308620.96
2023-12-08,1308620.96
2023-12-09,1308620.96
2023-12-10,1220620.96
2023-12-11,1220620.96
2023-12-12,1220620.96
2023-12-13,1220620.96
2023-12-14,1220620.96
2023-12-15,1220620.96
2023-12-16,1220620.96
2023-12-17,1212620.96
2023-12-18,806060.96
2023-12-19,806060.96
2023-12-20,1212620.96
2023-12-21,1212620.96
2023-12-22,1212620.96
2023-12-23,1212620.96
2023-12-24,1204620.96
2023-12-25,1204620.96
2023-12-26,1204620.96
2023-12-27,1204620.96
2023-12-28,1149105.96
2023-12-29,1393559.59
2023-12-30,1393559.59
2023-12-31,1402968.59
2024-01-01,1402968.59
2024-01-02,1402968.59
2024-01-03,1402968.59
2024-01-04,1402968.59
2024-01-05,1402968.59
2024-01-06,1416173.81
2024-01-07,1416173.81
2024-01-08,1408173.81
2024-01-09,1408173.81
2024-01-10,1328173.81
2024-01-11,1328173.81
2024-01-12,1328173.81
2024-01-13,1328173.81
2024-01-14,1320173.81
2024-01-15,1320173.81
2024-01-16,1320173.81
2024-01-17,1320173.81
2024-01-18,1320173.81
2024-01-19,1320173.81
2024-01-20,1320173.81
2024-01-21,1312173.81
2024-01-22,1312173.81
2024-01-23,1312173.81
2024-01-24,1312173.81
2024-01-25,1312173.81
2024-01-26,1312173.81
2024-01-27,1312173.81
2024-01-28,1248658.81
2024-01-29,1248658.81
2024-01-30,1248658.81
2024-01-31,1472432.24
2024-02-01,1372432.24
2024-02-02,1372432.24
2024-02-03,1372432.24
2024-02-04,1364432.24
2024-02-05,1506543.57
2024-02-06,1356543.57
2024-02-07,1356543.57
2024-02-08,1356543.57
2024-02-09,1356543.57
2024-02-10,1276543.57
2024-02-11,1268543.57
2024-02-12,1268543.57
2024-02-13,1418543.57
2024-02-14,1418543.57
2024-02-15,1418543.57
2024-02-16,1418543.57
2024-02-17,1418543.57
2024-02-18,1418543.57
2024-02-19,1418543.57
2024-02-20,1418543.57
2024-02-21,1418543.57
2024-02-22,1418543.57
2024-02-23,1418543.57
2024-02-24,1418543.57
2024-02-25,1418543.57
2024-02-26,1164543.57
2024-02-27,1164543.57
2024-02-28,1097028.57
2024-02-29,1097028.57
2024-03-01,1338735.5
2024-03-02,1338735.5
2024-03-03,1330735.5
2024-03-04,1330735.5
2024-03-05,1261735.5
2024-03-06,1261735.5
2024-03-07,1481199.34
2024-03-08,200000.0
2024-03-09,200000.0
2024-03-10,200000.0
2024-03-11,200000.0
2024-03-12,200000.0
2024-03-13,200000.0
2024-03-14,200000.0
2024-03-15,200000.0
2024-03-16,200000.0
2024-03-17,200000.0
2024-03-18,200000.0
2024-03-19,200000.0
2024-03-20,200000.0
2024-03-21,200000.0
2024-03-22,200000.0
2024-03-23,200000.0
2024-03-24,200000.0
2024-03-25,200000.0
2024-03-26,200000.0
2024-03-27,200000.0
2024-03-28,200000.0
2024-03-29,200000.0
2024-03-30,200000.0
2024-03-31,215099.0
2024-04-01,215099.0
2024-04-02,215099.0
2024-04-03,215099.0
2024-04-04,215099.0
2024-04-05,215099.0
2024-04-06,215099.0
2024-04-07,215099.0
2024-04-08,215099.0
2024-04-09,215099.0
2024-04-10,215099.0
2024-04-11,215099.0
2024-04-12,215099.0
2024-04-13,215099.0
2024-04-14,215099.0
2024-04-15,215099.0
2024-04-16,215099.0
2024-04-17,215099.0
2024-04-18,215099.0
2024-04-19,215099.0
2024-04-20,215099.0
2024-04-21,215099.0
2024-04-22,215099.0
2024-04-23,210099.0
2024-04-24,210099.0
2024-04-25,210099.0
2024-04-26,210099.0
2024-04-27,210099.0
2024-04-28,210099.0
2024-04-29,210099.0
2024-04-30,210099.0
2024-05-01,210099.0
2024-05-02,210099.0
2024-05-03,210099.0
2024-05-04,220099.0
2024-05-05,220099.0
2024-05-06,220099.0
2024-05-07,220099.0
2024-05-08,220099.0
2024-05-09,220099.0
2024-05-10,220099.0
2024-05-11,220099.0
2024-05-12,220099.0
2024-05-13,220099.0
2024-05-14,220099.0
2024-05-15,220099.0
2024-05-16,220099.0
2024-05-17,220099.0
2024-05-18,220099.0
2024-05-19,220099.0
2024-05-20,220099.0
2024-05-21,220099.0
2024-05-22,220099.0
2024-05-23,220099.0
2024-05-24,220099.0
2024-05-25,220099.0
2024-05-26,220099.0
2024-05-27,220099.0
2024-05-28,220099.0
2024-05-29,220099.0
2024-05-30,220099.0
2024-05-31,220099.0
2024-06-01,220099.0
2024-06-02,220099.0
2024-06-03,220099.0
2024-06-04,220099.0
2024-06-05,220099.0
2024-06-06,220099.0
2024-06-07,220099.0
2024-06-08,220099.0
2024-06-09,220099.0
2024-06-10,220099.0
2024-06-11,220099.0
2024-06-12,220099.0
2024-06-13,220099.0
2024-06-14,220099.0
2024-06-15,220099.0
2024-06-16,220099.0
2024-06-17,220099.0
2024-06-18,220099.0
2024-06-19,220099.0
2024-06-20,220099.0
2024-06-21,220099.0
2024-06-22,220099.0
2024-06-23,220099.0
2024-06-24,220099.0
2024-06-25,220099.0
2024-06-26,220099.0
2024-06-27,220099.0
2024-06-28,220099.0
2024-06-29,220099.0
2024-06-30,222765.0
2024-07-01,222765.0
2024-07-02,222765.0
2024-07-03,222765.0
2024-07-04,222765.0
2024-07-05,222765.0
2024-07-06,217765.0
2024-07-07,217765.0
2024-07-08,217765.0
2024-07-09,217765.0
2024-07-10,217765.0
2024-07-11,217765.0
2024-07-12,217765.0
2024-07-13,217765.0
2024-07-14,217765.0
2024-07-15,217765.0
2024-07-16,217765.0
2024-07-17,217765.0
2024-07-18,217765.0
2024-07-19,217765.0
2024-07-20,217765.0
2024-07-21,217765.0
2024-07-22,217765.0
2024-07-23,217765.0
2024-07-24,217765.0
2024-07-25,217765.0
2024-07-26,217765.0
2024-07-27,217765.0
2024-07-28,217765.0
2024-07-29,217765.0
2024-07-30,217765.0
2024-07-31,217765.0
2024-08-01,217765.0
2024-08-02,217765.0
2024-08-03,217765.0
2024-08-04,217765.0
2024-08-05,217765.0
2024-08-06,217765.0
2024-08-07,217765.0
2024-08-08,217765.0
2024-08-09,217765.0
2024-08-10,217765.0
2024-08-11,217765.0
2024-08-12,217765.0
2024-08-13,217765.0
2024-08-14,217765.0
2024-08-15,217765.0
2024-08-16,217765.0
2024-08-17,217765.0
2024-08-18,217765.0
2024-08-19,217765.0
2024-08-20,217765.0
2024-08-21,217765.0
2024-08-22,217765.0
2024-08-23,217765.0
2024-08-24,217765.0
2024-08-25,217765.0
2024-08-26,217765.0
2024-08-27,217765.0
2024-08-28,217765.0
2024-08-29,217765.0
2024-08-30,217765.0
2024-08-31,217765.0
2024-09-01,217765.0
2024-09-02,217765.0
2024-09-03,217765.0
2024-09-04,217765.0
2024-09-05,217765.0
2024-09-06,217765.0
2024-09-07,217765.0
2024-09-08,217765.0
2024-09-09,217765.0
2024-09-10,217765.0
2024-09-11,217765.0
2024-09-12,217765.0
2024-09-13,217765.0
2024-09-14,217765.0
2024-09-15,217765.0
2024-09-16,217765.0
2024-09-17,217765.0
2024-09-18,217765.0
2024-09-19,217765.0
2024-09-20,217765.0
2024-09-21,217765.0
2024-09-22,217765.0
2024-09-23,217765.0
2024-09-24,217765.0
2024-09-25,217765.0
2024-09-26,217765.0
2024-09-27,217765.0
2024-09-28,217765.0
2024-09-29,217765.0
2024-09-30,220340.0
2024-10-01,220340.0
2024-10-02,220340.0
2024-10-03,220340.0
2024-10-04,220340.0
2024-10-05,220340.0
2024-10-06,220340.0
2024-10-07,220350.0
2024-10-08,220350.0
2024-10-09,220360.0
2024-10-10,220370.0
2024-10-11,220370.0
2024-10-12,220370.0
2024-10-13,220370.0
2024-10-14,220370.0
2024-10-15,220370.0
2024-10-16,220370.0
2024-10-17,220370.0
2024-10-18,220370.0
2024-10-19,220370.0
2024-10-20,220370.0
2024-10-21,220370.0
2024-10-22,220370.0
2024-10-23,220370.0
2024-10-24,220370.0
2024-10-25,220370.0
2024-10-26,220370.0
2024-10-27,220370.0
2024-10-28,220370.0
2024-10-29,220370.0
2024-10-30,220370.0
2024-10-31,220370.0
2024-11-01,220370.0
2024-11-02,220370.0
2024-11-03,220370.0
2024-11-04,220370.0
2024-11-05,220370.0
2024-11-06,220370.0
2024-11-07,220370.0
2024-11-08,220370.0
2024-11-09,220370.0
2024-11-10,220370.0
2024-11-11,220370.0
2024-11-12,220370.0
2024-11-13,220370.0
2024-11-14,220370.0
2024-11-15,220370.0
2024-11-16,220370.0
2024-11-17,220370.0
2024-11-18,220370.0
2024-11-19,220370.0
2024-11-20,220370.0
2024-11-21,220370.0
2024-11-22,220370.0
2024-11-23,220370.0
2024-11-24,220370.0
2024-11-25,220370.0
2024-11-26,217070.0
2024-11-27,217070.0
2024-11-28,217070.0
2024-11-29,217070.0
2024-11-30,220070.0
2024-12-01,220070.0
2024-12-02,220070.0
2024-12-03,220070.0
2024-12-04,220070.0
2024-12-05,220070.0
2024-12-06,220070.0
2024-12-07,220070.0
2024-12-08,220070.0
2024-12-09,220070.0
2024-12-10,220070.0
2024-12-11,220070.0
2024-12-12,220070.0
2024-12-13,220070.0
2024-12-14,220070.0
2024-12-15,220070.0
2024-12-16,220070.0
2024-12-17,220070.0
2024-12-18,220070.0
2024-12-19,220070.0
2024-12-20,220070.0
2024-12-21,220070.0
2024-12-22,220070.0
2024-12-23,220070.0
2024-12-24,220070.0
2024-12-25,220070.0
2024-12-26,220070.0
2024-12-27,220070.0
2024-12-28,220070.0
2024-12-29,220070.0
2024-12-30,220070.0
2024-12-31,222610.0
2025-01-01,222610.0
2025-01-02,222610.0
2025-01-03,222610.0
2025-01-04,222610.0
2025-01-05,222610.0
2025-01-06,222610.0
2025-01-07,222610.0
2025-01-08,222610.0
2025-01-09,222610.0
2025-01-10,222610.0
2025-01-11,222610.0
2025-01-12,222610.0
2025-01-13,222610.0
2025-01-14,222610.0
2025-01-15,222610.0
2025-01-16,222610.0
2025-01-17,222610.0
2025-01-18,222610.0
2025-01-19,222610.0
2025-01-20,222610.0
2025-01-21,222610.0
2025-01-22,222610.0
2025-01-23,222610.0
2025-01-24,222610.0
2025-01-25,222610.0
2025-01-26,222610.0
2025-01-27,222610.0
2025-01-28,222610.0
2025-01-29,222610.0
2025-01-30,222610.0
2025-01-31,222610.0
2025-02-01,222610.0
2025-02-02,222610.0
2025-02-03,222610.0
2025-02-04,222610.0
2025-02-05,222610.0
2025-02-06,222610.0
2025-02-07,222610.0
2025-02-08,222610.0
2025-02-09,222610.0
2025-02-10,222610.0
2025-02-11,222610.0
2025-02-12,222610.0
2025-02-13,221510.0
2025-02-14,221510.0
2025-02-15,221510.0
2025-02-16,221510.0
2025-02-17,221510.0
2025-02-18,221510.0
2025-02-19,221510.0
2025-02-20,221510.0
2025-02-21,221510.0
2025-02-22,221510.0
2025-02-23,221510.0
2025-02-24,221510.0
2025-02-25,221510.0
2025-02-26,221510.0
2025-02-27,221510.0
2025-02-28,221510.0
2025-03-01,221510.0
2025-03-02,221510.0
2025-03-03,221510.0
2025-03-04,221510.0
2025-03-05,221510.0
2025-03-06,221510.0
2025-03-07,221510.0
2025-03-08,221510.0
2025-03-09,221510.0
2025-03-10,221510.0
2025-03-11,221510.0
2025-03-12,221510.0
2025-03-13,221510.0
2025-03-14,221510.0
2025-03-15,221510.0
2025-03-16,221510.0
2025-03-17,221510.0
2025-03-18,221510.0
2025-03-19,221510.0
2025-03-20,221510.0
2025-03-21,221510.0
2025-03-22,221510.0
2025-03-23,221510.0
2025-03-24,221510.0
2025-03-25,221510.0
2025-03-26,221510.0
2025-03-27,221510.0
2025-03-28,221510.0
2025-03-29,221510.0
2025-03-30,221510.0
2025-03-31,223847.0
2025-04-01,223847.0
2025-04-02,223847.0
2025-04-03,223847.0
2025-04-04,223847.0
2025-04-05,223847.0
2025-04-06,223847.0
2025-04-07,223847.0
2025-04-08,223847.0
2025-04-09,223847.0
2025-04-10,223847.0
2025-04-11,223847.0
2025-04-12,223847.0
2025-04-13,223847.0
2025-04-14,223847.0
2025-04-15,223847.0
2025-04-16,223847.0
2025-04-17,223847.0
2025-04-18,223847.0
2025-04-19,223847.0
2025-04-20,223847.0
2025-04-21,223847.0
2025-04-22,223847.0
2025-04-23,223847.0
2025-04-24,223847.0
2025-04-25,223847.0
2025-04-26,223847.0
2025-04-27,223847.0
2025-04-28,223847.0
2025-04-29,223847.0
2025-04-30,223847.0
2025-05-01,223847.0
2025-05-02,223847.0
2025-05-03,223847.0
2025-05-04,223847.0
2025-05-05,223847.0
2025-05-06,223847.0
2025-05-07,223847.0
2025-05-08,223847.0
2025-05-09,223847.0
2025-05-10,223847.0
2025-05-11,223847.0
2025-05-12,223847.0
2025-05-13,223847.0
2025-05-14,223847.0
2025-05-15,223847.0
2025-05-16,15000.0
2025-05-17,15000.0
2025-05-18,15000.0
2025-05-19,15000.0
2025-05-20,15000.0
2025-05-21,15000.0
2025-05-22,15000.0
2025-05-23,15000.0
2025-05-24,15000.0
2025-05-25,15000.0
2025-05-26,15000.0
2025-05-27,15000.0
2025-05-28,15000.0
2025-05-29,15000.0
2025-05-30,15000.0
2025-05-31,16058.0
